step,execution_bon_16x16_acc,execution_bon_16x16_accumulate_acc,execution_bon_4x4_acc,execution_bon_4x4_accumulate_acc,execution_case_acc,execution_case_accumulate_acc,execution_code_acc,execution_code_accumulate_acc,execution_p_00,execution_p_01_as_logged,recorded_at,reward_case_reward_mean,reward_case_reward_num_groups,reward_case_reward_num_samples,reward_case_reward_std,reward_code_reward_mean,reward_code_reward_num_groups,reward_code_reward_num_samples,reward_code_reward_std,reward_problems_skipped,reward_problems_total,reward_problems_used,reward_reward_mode,reward_rollout_debug_meta_enabled,reward_rollout_debug_meta_max_problems_per_step,reward_rollout_debug_meta_slots_remaining_after_step,reward_rollout_debug_meta_truncate_chars,sampling_mean_case_response_tokens,sampling_mean_code_response_tokens
0,0.25,0.35625,0.24,0.34,0.24709302325581395,0.32441348973607037,0.213125,0.299765625,0.03131844064826982,0.3417849898580122,2026-04-03T04:24:34,0.1422,9,688,0.4342,0.2998,9,1600,0.4099,0,100,100,gt_based,0,,0,,802.45125,662.8425
1,0.38,0.5,0.32,0.4258793969849246,0.26,0.3244274809160305,0.245625,0.33063756281407036,0.024531581997295732,0.15505617977528086,2026-04-03T04:34:51,0.116,15,800,0.5363,0.329,12,1600,0.428,0,100,100,gt_based,0,,0,,847.04625,661.159375
2,0.19,0.30125,0.16,0.2375,0.3387096774193548,0.43482905982905984,0.14625,0.219140625,0.04218852999340804,0.2970639032815199,2026-04-03T04:44:49,0.2051,12,496,0.4721,0.2191,10,1600,0.3725,0,100,100,gt_based,0,,0,,842.850625,698.2625
3,0.32,0.43,0.3,0.38125,0.296195652173913,0.3931878306878307,0.23625,0.325703125,0.04104803493449782,0.2883275261324042,2026-04-03T04:53:55,0.1368,9,736,0.4672,0.3257,9,1600,0.4196,0,100,100,gt_based,0,,0,,767.8025,652.4
4,0.26,0.42,0.24,0.385,0.24375,0.28034682080924855,0.21625,0.328515625,0.0444990444990445,0.3150816522574448,2026-04-03T05:02:48,0.1082,14,640,0.4363,0.3285,13,1600,0.4139,0,100,100,gt_based,0,,0,,839.324375,636.08125
5,0.25,0.31909547738693467,0.24,0.3027638190954774,0.2536764705882353,0.3331673306772908,0.156875,0.21749371859296482,0.038399570354457575,0.2520746887966805,2026-04-03T05:12:16,0.069,11,544,0.527,0.2214,9,1600,0.3728,0,100,100,gt_based,0,,0,,849.52125,672.440625
6,0.22,0.315,0.2,0.26125,0.27364864864864863,0.4153386454183267,0.156875,0.223828125,0.04253867151956324,0.2415094339622641,2026-04-03T05:21:25,0.1663,18,592,0.4925,0.2238,13,1600,0.3751,0,100,100,gt_based,0,,0,,848.043125,693.41
7,0.23,0.3175,0.19,0.28125,0.28308823529411764,0.39936926605504586,0.13625,0.224296875,0.04667644183773216,0.2428825622775801,2026-04-03T05:31:15,0.1589,8,544,0.493,0.2243,12,1600,0.3635,0,100,100,gt_based,0,,0,,795.575,669.354375
8,0.36,0.4548872180451128,0.29,0.37092731829573933,0.3321078431372549,0.40048543689320387,0.2575,0.3366228070175439,0.033304119193689745,0.29210526315789476,2026-04-03T05:40:28,0.2093,16,816,0.4698,0.3363,10,1600,0.4314,0,100,100,gt_based,0,,0,,822.50125,637.73875
9,0.27,0.4175,0.24,0.34125,0.27827380952380953,0.3565251572327044,0.19875,0.289375,0.01693384511176338,0.2995951417004049,2026-04-03T05:49:55,0.1461,12,672,0.4849,0.2894,14,1600,0.4103,0,100,100,gt_based,0,,0,,858.303125,658.33625
10,0.2,0.3421717171717172,0.18,0.28535353535353536,0.2534722222222222,0.3433189655172414,0.18125,0.26609848484848486,0.0606627471940139,0.329736211031175,2026-04-03T05:59:18,0.1269,8,576,0.432,0.2643,12,1600,0.3975,0,100,100,gt_based,0,,0,,796.425,682.93375
11,0.22,0.35375,0.22,0.31625,0.2935606060606061,0.340055910543131,0.195625,0.277265625,0.07066719305171733,0.4366041896361632,2026-04-03T06:08:43,0.067,9,528,0.543,0.2773,10,1600,0.4076,0,100,100,gt_based,0,,0,,744.91875,662.82625
12,0.26,0.40625,0.2,0.32,0.26785714285714285,0.35920818505338076,0.175625,0.270390625,0.05,0.26975683890577506,2026-04-03T06:17:52,0.1688,20,672,0.4439,0.2704,10,1600,0.3843,0,100,100,gt_based,0,,0,,742.82625,644.86625
13,0.23,0.3659147869674185,0.23,0.3182957393483709,0.25844594594594594,0.2999161073825503,0.18625,0.28132832080200504,0.07313019390581718,0.3354661791590493,2026-04-03T06:27:23,0.0797,12,592,0.4994,0.2813,4,1600,0.3976,0,100,100,gt_based,0,,0,,779.94625,647.88
14,0.24,0.3375,0.2,0.27375,0.24404761904761904,0.30940812720848054,0.176875,0.24765625,0.032850438685982454,0.308390022675737,2026-04-03T06:36:31,0.1597,13,672,0.393,0.2477,11,1600,0.3876,0,100,100,gt_based,0,,0,,780.188125,663.06125
15,0.32,0.425,0.28,0.3675,0.3347222222222222,0.37297885572139305,0.25125,0.32296875,0.035166061959252023,0.29102990033222587,2026-04-03T06:45:41,0.2121,6,720,0.485,0.323,7,1600,0.4308,0,100,100,gt_based,0,,0,,724.964375,629.815625
16,0.28,0.4125,0.27,0.395,0.25510204081632654,0.2891051912568306,0.22875,0.313515625,0.035326623248470496,0.34978408389882787,2026-04-03T06:54:42,0.1263,16,784,0.3929,0.3135,7,1600,0.4257,0,100,100,gt_based,0,,0,,754.40625,651.885
17,0.39,0.5088383838383839,0.36,0.43686868686868685,0.3527777777777778,0.4029761904761905,0.2625,0.34887941919191917,0.025535661872615203,0.3007896625987079,2026-04-03T07:03:57,0.2394,12,720,0.4564,0.3478,7,1600,0.4371,0,100,100,gt_based,0,,0,,723.8725,663.11
18,0.3,0.3949367088607595,0.28,0.37848101265822787,0.27853260869565216,0.37747875354107646,0.220625,0.29311708860759494,0.06010362694300518,0.23100537221795858,2026-04-03T07:12:44,0.1471,13,736,0.5267,0.302,7,1600,0.4148,0,100,100,gt_based,0,,0,,742.8425,635.509375
19,0.32,0.475,0.32,0.445,0.2650462962962963,0.3018588362068966,0.29,0.382578125,0.03836784409257003,0.31411126187245586,2026-04-03T07:21:24,0.1326,21,864,0.469,0.3826,9,1600,0.4428,0,100,100,gt_based,0,,0,,729.23,617.890625
20,0.25,0.4175,0.23,0.37125,0.34801136363636365,0.3611111111111111,0.21375,0.32046875,0.07927311035027654,0.3192982456140351,2026-04-03T07:30:26,0.1723,8,704,0.5018,0.3205,6,1600,0.417,0,100,100,gt_based,0,,0,,705.030625,621.625625
21,0.24,0.3588456712672522,0.21,0.32496863237139273,0.3832236842105263,0.4738675958188153,0.179375,0.26693851944792973,0.058740068104426786,0.2642679900744417,2026-04-03T07:38:50,0.2276,7,608,0.505,0.2664,9,1600,0.386,0,100,100,gt_based,0,,0,,686.193125,636.860625
22,0.24,0.355,0.23,0.32875,0.3157051282051282,0.3896321070234114,0.186875,0.26859375,0.020476068594829793,0.33952049497293113,2026-04-03T07:48:10,0.1983,10,624,0.4641,0.2686,13,1600,0.3937,0,100,100,gt_based,0,,0,,756.69125,648.1875
23,0.26,0.385,0.24,0.34625,0.328125,0.34286971830985913,0.1775,0.261640625,0.031625553447185324,0.3145695364238411,2026-04-03T07:57:14,0.16,9,576,0.5342,0.2616,10,1600,0.3968,0,100,100,gt_based,0,,0,,719.294375,645.7575
24,0.32,0.4075,0.28,0.3525,0.2818396226415094,0.3896780303030303,0.2475,0.32828125,0.058434782608695654,0.30904183535762486,2026-04-03T08:06:01,0.1152,13,848,0.5278,0.3283,14,1600,0.4305,0,100,100,gt_based,0,,0,,703.375,608.54
25,0.29,0.4323308270676692,0.27,0.41353383458646614,0.3273809523809524,0.37996575342465755,0.228125,0.3408521303258145,0.05861969390701704,0.3423050379572119,2026-04-03T08:39:46,0.2021,11,672,0.4673,0.3419,13,1600,0.4217,0,100,100,gt_based,0,,0,,649.806875,608.449375
26,0.27,0.3610062893081761,0.23,0.3433962264150943,0.3344594594594595,0.45810931899641577,0.174375,0.25927672955974845,0.04302477183833116,0.2872975277067349,2026-04-03T08:49:02,0.1847,10,592,0.5108,0.2577,8,1600,0.3915,0,100,100,gt_based,0,,0,,740.663125,661.9075
27,0.27,0.38742138364779877,0.28,0.3849056603773585,0.2759146341463415,0.3728730366492147,0.23875,0.3180817610062893,0.05412869373101353,0.23328964613368286,2026-04-03T08:57:58,0.1192,6,656,0.5331,0.3161,6,1600,0.4271,0,100,100,gt_based,0,,0,,688.583125,650.211875
28,0.27,0.38238993710691827,0.26,0.3383647798742138,0.32083333333333336,0.43876811594202897,0.215625,0.29221698113207545,0.06645091693635383,0.3311355311355312,2026-04-03T09:06:20,0.1816,14,720,0.4478,0.2904,11,1600,0.4164,0,100,100,gt_based,0,,0,,708.88,627.72375
29,0.2,0.33879093198992444,0.27,0.3438287153652393,0.3470394736842105,0.42045454545454547,0.185625,0.26912783375314864,0.11505437893531768,0.32253711201079627,2026-04-03T09:15:22,0.1699,6,608,0.5093,0.2671,6,1600,0.3934,0,100,100,gt_based,0,,0,,675.15875,629.630625
30,0.29,0.38375,0.28,0.35,0.31527777777777777,0.4090646651270208,0.270625,0.33671875,0.04699093157460841,0.2759706190975866,2026-04-03T09:23:37,0.1683,8,720,0.5377,0.3367,9,1600,0.4379,0,100,100,gt_based,0,,0,,672.954375,628.915
31,0.2,0.32997481108312343,0.21,0.28967254408060455,0.28125,0.36462177121771217,0.169375,0.2602329974811083,0.0634727626459144,0.30859375,2026-04-03T09:32:20,0.1798,8,608,0.4491,0.2583,7,1600,0.3831,0,100,100,gt_based,0,,0,,727.146875,650.155
32,0.34,0.445,0.31,0.42375,0.4055232558139535,0.475,0.26875,0.359296875,0.06998607242339833,0.3232484076433121,2026-04-03T09:40:36,0.2629,10,688,0.5584,0.3593,5,1600,0.4355,0,100,100,gt_based,0,,0,,654.48375,615.118125
33,0.28,0.4025,0.21,0.2925,0.3178191489361702,0.4191937869822485,0.21125,0.273984375,0.057846153846153846,0.28873642081189255,2026-04-03T09:49:30,0.1958,9,752,0.456,0.274,11,1600,0.4122,0,100,100,gt_based,0,,0,,700.99375,630.365625
34,0.38,0.4725,0.33,0.4,0.3359375,0.4032451923076923,0.26,0.327578125,0.05538847117794486,0.21741778319123017,2026-04-03T09:58:05,0.1744,11,768,0.5407,0.3276,7,1600,0.4346,0,100,100,gt_based,0,,0,,693.088125,611.51
35,0.29,0.355,0.29,0.3375,0.3958333333333333,0.44690111420612816,0.224375,0.27953125,0.06411945542380325,0.17740585774058582,2026-04-03T10:06:46,0.2915,5,576,0.5407,0.2795,14,1600,0.4169,0,100,100,gt_based,0,,0,,674.230625,641.8225
36,0.22,0.33668341708542715,0.17,0.26256281407035176,0.2727272727272727,0.3291382252559727,0.183125,0.26421168341708545,0.03195425496131853,0.1944091486658196,2026-04-03T10:15:42,0.1704,10,528,0.5057,0.2679,10,1600,0.4018,0,100,100,gt_based,0,,0,,711.18,623.98
37,0.32,0.435,0.33,0.4175,0.335,0.44096385542168676,0.259375,0.344921875,0.07928555870180788,0.30337794773741233,2026-04-03T10:24:38,0.1843,10,800,0.5303,0.3449,6,1600,0.4375,0,100,100,gt_based,0,,0,,627.2175,620.03875
38,0.28,0.39125,0.23,0.33375,0.2755681818181818,0.33226495726495725,0.219375,0.3109375,0.05067808708065667,0.2719723183391003,2026-04-03T10:33:39,0.117,11,704,0.5147,0.3109,7,1600,0.4165,0,100,100,gt_based,0,,0,,699.00125,639.725625
39,0.27,0.38625,0.26,0.385,0.3458333333333333,0.37242879746835444,0.1975,0.30765625,0.08018867924528301,0.325089928057554,2026-04-03T10:42:26,0.1748,14,720,0.4693,0.3077,10,1600,0.4091,0,100,100,gt_based,0,,0,,675.959375,616.6575
40,0.25,0.39125,0.24,0.3575,0.33055555555555555,0.3862732095490716,0.235625,0.325234375,0.0338640384129391,0.4820378837361202,2026-04-03T10:51:30,0.1433,8,720,0.4861,0.3252,8,1600,0.4239,0,100,100,gt_based,0,,0,,686.68375,627.9775
41,0.27,0.36875,0.26,0.35,0.34011627906976744,0.4280185758513932,0.201875,0.29375,0.05196360153256705,0.2890625,2026-04-03T11:00:10,0.2197,10,688,0.4691,0.2938,14,1600,0.4073,0,100,100,gt_based,0,,0,,691.2325,611.28125
42,0.3,0.4298245614035088,0.26,0.37468671679197996,0.41796875,0.4977213541666667,0.24,0.3362312030075188,0.07191350264018104,0.3165666820489156,2026-04-03T11:09:02,0.1956,6,768,0.5158,0.3359,10,1600,0.429,0,100,100,gt_based,0,,0,,674.986875,622.0775
43,0.27,0.35375,0.27,0.33625,0.3491847826086957,0.4452077747989276,0.233125,0.285078125,0.0728051391862955,0.3221183800623053,2026-04-03T11:17:34,0.1707,7,736,0.5069,0.2851,11,1600,0.4176,0,100,100,gt_based,0,,0,,649.941875,587.94
44,0.28,0.37375,0.24,0.3325,0.31107954545454547,0.4141116352201258,0.19875,0.274765625,0.04461831253964897,0.17069799585349,2026-04-03T11:26:33,0.2138,16,704,0.4524,0.2748,4,1600,0.3975,0,100,100,gt_based,0,,0,,691.566875,568.379375
45,0.19,0.3625,0.18,0.3025,0.36553030303030304,0.47843886462882096,0.143125,0.232890625,0.04296875,0.2458791208791209,2026-04-03T11:35:24,0.2089,6,528,0.4631,0.2329,16,1600,0.3744,0,100,100,gt_based,0,,0,,662.650625,618.2525
46,0.23,0.3257287705956908,0.2,0.27122940430925224,0.3384146341463415,0.47939814814814813,0.16875,0.25087135614702155,0.06304537521815008,0.35678391959798994,2026-04-03T11:44:14,0.1641,10,656,0.5054,0.2579,6,1600,0.3932,0,100,100,gt_based,0,,0,,639.766875,594.0225
47,0.25,0.375,0.24,0.33625,0.3578125,0.4731104651162791,0.215,0.300703125,0.07690092165898617,0.25870253164556967,2026-04-03T11:51:54,0.1953,7,640,0.5172,0.3007,8,1600,0.4132,0,100,100,gt_based,0,,0,,629.531875,602.7375
48,0.24,0.3275,0.25,0.30125,0.32051282051282054,0.4163756983240223,0.22375,0.278984375,0.0784431137724551,0.24235807860262004,2026-04-03T11:59:55,0.177,9,624,0.5412,0.279,12,1600,0.4141,0,100,100,gt_based,0,,0,,650.519375,556.509375
49,0.27,0.395,0.21,0.33,0.378125,0.44636363636363635,0.171875,0.256171875,0.06227483273288729,0.24257932446264074,2026-04-03T12:08:34,0.2538,8,640,0.4918,0.2562,10,1600,0.3912,0,100,100,gt_based,0,,0,,681.256875,579.185
50,0.26,0.3575,0.27,0.335,0.3766025641025641,0.4315015479876161,0.201875,0.26625,0.08145363408521303,0.34421182266009853,2026-04-03T12:44:23,0.1907,5,624,0.504,0.2662,9,1600,0.4081,0,100,100,gt_based,0,,0,,650.71125,591.0075
51,0.21,0.34045226130653267,0.19,0.2851758793969849,0.3338815789473684,0.44813829787234044,0.17625,0.26303391959798994,0.044152431011826546,0.3791637136782424,2026-04-03T12:52:49,0.1782,7,608,0.4862,0.2667,10,1600,0.3869,0,100,100,gt_based,0,,0,,646.629375,616.389375
52,0.32,0.41625,0.31,0.3925,0.3627450980392157,0.45196015424164526,0.243125,0.314609375,0.062099447513812155,0.31902904204594706,2026-04-03T13:01:03,0.1906,12,816,0.5096,0.3146,4,1600,0.4261,0,100,100,gt_based,0,,0,,651.5725,582.495
53,0.26,0.35,0.21,0.28625,0.2565789473684211,0.3162811387900356,0.175625,0.25625,0.07785642062689585,0.3158307210031348,2026-04-03T13:09:46,0.0997,10,608,0.4188,0.2562,5,1600,0.392,0,100,100,gt_based,0,,0,,685.97125,603.608125
54,0.23,0.336272040302267,0.23,0.3249370277078086,0.34294871794871795,0.42845911949685533,0.19875,0.2859729219143577,0.09078251183514341,0.2919540229885057,2026-04-03T13:18:27,0.2291,12,624,0.4513,0.2909,6,1600,0.3992,0,100,100,gt_based,0,,0,,685.3625,567.94375
55,0.3,0.39,0.26,0.3425,0.3111111111111111,0.37396523178807944,0.18875,0.276953125,0.05671077504725898,0.3279709392838609,2026-04-03T13:27:11,0.1665,8,720,0.4649,0.277,8,1600,0.3996,0,100,100,gt_based,0,,0,,705.905,594.090625
56,0.36,0.43,0.32,0.39,0.37907608695652173,0.4731666666666667,0.234375,0.31578125,0.04387522191224956,0.2536824877250409,2026-04-03T13:35:33,0.2308,7,736,0.5088,0.3158,8,1600,0.4269,0,100,100,gt_based,0,,0,,631.303125,573.075
57,0.29,0.4425,0.29,0.445,0.40767045454545453,0.49623925501432664,0.218125,0.3509375,0.08491794738213077,0.32645301466594245,2026-04-03T13:43:40,0.2343,8,704,0.5277,0.3509,10,1600,0.4163,0,100,100,gt_based,0,,0,,648.21625,567.2725
58,0.43,0.525,0.39,0.4825,0.4068627450980392,0.4639851485148515,0.315625,0.405703125,0.09318541996830428,0.2937946183415706,2026-04-03T13:52:11,0.175,10,816,0.635,0.4057,3,1600,0.4504,0,100,100,gt_based,0,,0,,614.3675,554.419375
59,0.33,0.44640605296343,0.3,0.37957124842370743,0.3638888888888889,0.5005053908355795,0.231875,0.3185687263556116,0.03943452380952381,0.2603092783505154,2026-04-03T14:00:23,0.2112,6,720,0.5029,0.3174,13,1600,0.4228,0,100,100,gt_based,0,,0,,623.11625,586.473125
60,0.29,0.38875,0.19,0.26,0.31392045454545453,0.4054330065359477,0.19125,0.26140625,0.024527125337767616,0.24662813102119463,2026-04-03T14:09:26,0.207,7,704,0.4403,0.2614,9,1600,0.3977,0,100,100,gt_based,0,,0,,651.693125,583.48125
61,0.27,0.41375,0.29,0.39625,0.39488636363636365,0.4603746397694525,0.216875,0.331640625,0.053490238031559244,0.3836796756208819,2026-04-03T14:17:33,0.2404,7,704,0.4516,0.3316,4,1600,0.4085,0,100,100,gt_based,0,,0,,625.955,573.01625
62,0.26,0.39375,0.27,0.35375,0.35755813953488375,0.48668384879725085,0.181875,0.258984375,0.03663650408298389,0.22570016474464583,2026-04-03T14:26:09,0.2133,7,688,0.5438,0.259,11,1600,0.3968,0,100,100,gt_based,0,,0,,632.68625,564.6225
63,0.22,0.34875,0.23,0.3225,0.3975694444444444,0.5268485915492958,0.1775,0.25609375,0.049954310082241854,0.37293016558675307,2026-04-03T14:34:34,0.2335,5,576,0.5185,0.2561,7,1600,0.3888,0,100,100,gt_based,0,,0,,642.896875,592.163125
64,0.31,0.4596977329974811,0.28,0.4269521410579345,0.39166666666666666,0.47300392670157065,0.23875,0.33981423173803527,0.05877616747181964,0.37514863258026154,2026-04-03T14:43:05,0.2013,3,720,0.5443,0.3373,9,1600,0.4283,0,100,100,gt_based,0,,0,,630.865625,541.323125
65,0.34,0.4125,0.29,0.3625,0.3835227272727273,0.49019607843137253,0.223125,0.30171875,0.059341211968820716,0.3073015873015873,2026-04-03T14:51:04,0.1968,8,704,0.5246,0.3017,5,1600,0.4188,0,100,100,gt_based,0,,0,,644.393125,526.418125
66,0.31,0.45125,0.24,0.3825,0.3678977272727273,0.48011363636363635,0.22,0.33515625,0.06908378245957864,0.33999999999999997,2026-04-03T14:59:23,0.2057,10,704,0.5178,0.3352,10,1600,0.4247,0,100,100,gt_based,0,,0,,598.034375,558.879375
67,0.28,0.37625,0.23,0.31125,0.4423076923076923,0.5498670212765957,0.17625,0.2371875,0.045335658238884045,0.22058099458394875,2026-04-03T15:07:47,0.3092,6,624,0.5027,0.2372,9,1600,0.3864,0,100,100,gt_based,0,,0,,633.38375,516.47
68,0.28,0.39625,0.28,0.37125,0.33035714285714285,0.4727112676056338,0.221875,0.303515625,0.048613748575769083,0.28410513141426785,2026-04-03T15:16:04,0.1954,7,784,0.4565,0.3035,11,1600,0.4153,0,100,100,gt_based,0,,0,,621.04375,536.63
69,0.34,0.47375,0.32,0.40875,0.3903301886792453,0.46948702830188677,0.265,0.36484375,0.07412339103417666,0.2857769973661106,2026-04-03T15:24:08,0.202,7,848,0.5427,0.3648,8,1600,0.4353,0,100,100,gt_based,0,,0,,598.0575,514.68
70,0.29,0.405,0.27,0.38125,0.41776315789473684,0.471484375,0.2,0.2940625,0.08891928864569083,0.2808788598574822,2026-04-03T15:32:19,0.2747,9,608,0.5102,0.2941,11,1600,0.4131,0,100,100,gt_based,0,,0,,689.80375,513.94875
71,0.32,0.41102756892230574,0.31,0.38345864661654133,0.3723404255319149,0.39647435897435895,0.24375,0.31124686716791977,0.0969175229103027,0.40666362391602007,2026-04-03T15:40:36,0.1274,6,752,0.5542,0.3121,10,1600,0.4267,0,100,100,gt_based,0,,0,,628.181875,512.625
72,0.24,0.34005037783375314,0.23,0.2884130982367758,0.3309659090909091,0.422301912568306,0.22875,0.2886492443324937,0.0658974358974359,0.21087533156498672,2026-04-03T15:49:20,0.1821,10,704,0.5434,0.293,6,1600,0.4163,0,100,100,gt_based,0,,0,,615.545625,513.084375
73,0.29,0.40375,0.28,0.38375,0.4298780487804878,0.5681652046783626,0.21375,0.30390625,0.046374367622259695,0.3922237380627558,2026-04-03T15:57:26,0.2286,9,656,0.5055,0.3039,8,1600,0.4141,0,100,100,gt_based,0,,0,,624.1075,528.3525
74,0.32,0.4375,0.3,0.4025,0.501358695652174,0.5933139534883721,0.26875,0.34,0.0936154949784792,0.34962049335863377,2026-04-03T16:05:44,0.2797,8,736,0.5587,0.34,3,1600,0.4409,0,100,100,gt_based,0,,0,,625.36,513.560625
75,0.24,0.3634085213032581,0.23,0.33208020050125314,0.4264705882352941,0.5172970479704797,0.169375,0.2523496240601504,0.051062243756988444,0.3507418397626113,2026-04-03T16:41:33,0.2606,2,544,0.4763,0.2518,10,1600,0.3885,0,100,100,gt_based,0,,0,,630.42125,537.68125
76,0.22,0.3379571248423707,0.2,0.3114754098360656,0.365625,0.496742671009772,0.191875,0.291141235813367,0.07506361323155217,0.30400572246065805,2026-04-03T16:49:39,0.1905,6,640,0.5222,0.2919,7,1600,0.4057,0,100,100,gt_based,0,,0,,633.70875,512.03125
77,0.35,0.46625,0.34,0.45125,0.34486607142857145,0.4305726600985222,0.25375,0.35015625,0.10740335521517141,0.3073005093378608,2026-04-03T16:57:22,0.1681,5,896,0.5378,0.3502,5,1600,0.426,0,100,100,gt_based,0,,0,,615.855625,510.215
78,0.3,0.43198992443324935,0.25,0.36397984886649876,0.4506578947368421,0.49297550432276654,0.216875,0.3006139798488665,0.05261060183339976,0.21835632873425315,2026-04-03T17:05:41,0.2821,6,608,0.62,0.2984,8,1600,0.4166,0,100,100,gt_based,0,,0,,621.483125,513.70125
79,0.3,0.40225563909774437,0.27,0.38345864661654133,0.390625,0.4235015772870662,0.198125,0.299968671679198,0.05112154407929056,0.5148430873621713,2026-04-03T17:13:46,0.1538,7,704,0.4645,0.2999,10,1600,0.4044,0,100,100,gt_based,0,,0,,599.74125,483.54375
80,0.34,0.43,0.25,0.3575,0.3664772727272727,0.43473451327433627,0.211875,0.292109375,0.05790925043870644,0.33981631550513236,2026-04-03T17:22:11,0.1577,8,704,0.5258,0.2921,9,1600,0.4097,0,100,100,gt_based,0,,0,,645.53875,498.141875
81,0.35,0.4672544080604534,0.29,0.3879093198992443,0.4050480769230769,0.5154702970297029,0.2525,0.3394993702770781,0.06636205395996518,0.24689165186500883,2026-04-03T17:30:15,0.2009,5,832,0.5528,0.337,9,1600,0.4326,0,100,100,gt_based,0,,0,,589.37125,503.62375
82,0.31,0.405,0.26,0.36,0.4427083333333333,0.5757246376811594,0.215625,0.2909375,0.03282028066998642,0.3902127659574468,2026-04-03T17:38:20,0.2498,5,768,0.5298,0.2909,9,1600,0.4065,0,100,100,gt_based,0,,0,,599.290625,485.581875
83,0.28,0.4175,0.25,0.36625,0.4318181818181818,0.5555346385542169,0.2075,0.2978125,0.0728643216080402,0.37778904665314406,2026-04-03T17:46:19,0.2373,3,704,0.5063,0.2978,8,1600,0.4157,0,100,100,gt_based,0,,0,,577.738125,499.78875
84,0.28,0.395,0.25,0.35125,0.3828125,0.4698920265780731,0.188125,0.28015625,0.04051772650534609,0.28716577540106947,2026-04-03T17:54:25,0.2112,9,640,0.4977,0.2802,17,1600,0.4008,0,100,100,gt_based,0,,0,,638.095625,492.346875
85,0.26,0.3675,0.21,0.29375,0.2708333333333333,0.3613556338028169,0.1775,0.256953125,0.0379416646905383,0.3491414554374489,2026-04-03T18:02:55,0.1217,7,624,0.4814,0.257,13,1600,0.3885,0,100,100,gt_based,0,,0,,609.32125,506.27
86,0.3,0.424090338770389,0.27,0.3877038895859473,0.438953488372093,0.4770778364116095,0.236875,0.3422992471769134,0.07574206755373593,0.36363636363636365,2026-04-03T18:11:10,0.2335,3,688,0.5636,0.3419,6,1600,0.4264,0,100,100,gt_based,0,,0,,572.38,492.775625
87,0.28,0.36,0.26,0.31625,0.42441860465116277,0.5303622159090909,0.22,0.293359375,0.052026286966046005,0.28654292343387466,2026-04-03T18:19:18,0.2779,6,688,0.5031,0.2934,9,1600,0.417,0,100,100,gt_based,0,,0,,601.7,504.304375
88,0.27,0.3875,0.26,0.35875,0.4344512195121951,0.5643028846153846,0.195,0.28515625,0.05809810907097835,0.29865229110512126,2026-04-03T18:27:44,0.2484,4,656,0.5387,0.2852,15,1600,0.3951,0,100,100,gt_based,0,,0,,593.996875,479.625625
89,0.35,0.4325,0.28,0.3375,0.3804347826086957,0.5015845070422535,0.221875,0.2828125,0.09684840119622729,0.24299599771297886,2026-04-03T18:36:11,0.2063,13,736,0.525,0.2828,10,1600,0.4143,0,100,100,gt_based,0,,0,,624.829375,480.655625
90,0.22,0.3592964824120603,0.21,0.31532663316582915,0.4791666666666667,0.5727083333333334,0.1875,0.27834484924623115,0.09784045835169679,0.359680928208847,2026-04-03T18:44:24,0.257,5,528,0.4972,0.277,12,1600,0.4016,0,100,100,gt_based,0,,0,,636.11375,498.661875
91,0.24,0.38268506900878296,0.22,0.3237139272271016,0.42567567567567566,0.5531351791530945,0.191875,0.28183814303638643,0.0985424588086185,0.33689458689458684,2026-04-03T18:52:57,0.2538,4,592,0.5419,0.2818,8,1600,0.3958,0,100,100,gt_based,0,,0,,637.834375,499.938125
92,0.26,0.37626262626262624,0.19,0.31186868686868685,0.4292763157894737,0.5870901639344263,0.190625,0.2900094696969697,0.05667389284608238,0.21556516368128475,2026-04-03T19:00:58,0.2688,9,608,0.5416,0.2878,4,1600,0.4044,0,100,100,gt_based,0,,0,,623.569375,488.3425
93,0.25,0.375,0.22,0.3275,0.37335526315789475,0.4632352941176471,0.17,0.26578125,0.08360836083608361,0.36091954022988504,2026-04-03T19:09:10,0.1771,5,608,0.5167,0.2658,9,1600,0.391,0,100,100,gt_based,0,,0,,626.375625,516.55125
94,0.26,0.3725,0.23,0.3175,0.4971590909090909,0.6533018867924528,0.165625,0.239296875,0.0737803412641192,0.3304226336011177,2026-04-03T19:17:23,0.3053,3,704,0.467,0.2393,6,1600,0.3802,0,100,100,gt_based,0,,0,,578.884375,516.1375
95,0.31,0.40125,0.36,0.415,0.47125,0.5546171171171171,0.2775,0.3515625,0.0908311910882605,0.3439635535307517,2026-04-03T19:25:10,0.276,6,800,0.5589,0.3516,6,1600,0.4425,0,100,100,gt_based,0,,0,,581.97875,514.259375
96,0.22,0.34210526315789475,0.19,0.2882205513784461,0.3975694444444444,0.5426136363636364,0.165,0.2565789473684211,0.08739495798319327,0.3755274261603375,2026-04-03T19:33:29,0.2439,7,576,0.4956,0.2584,4,1600,0.3881,0,100,100,gt_based,0,,0,,629.125,512.375
97,0.33,0.43875,0.31,0.40125,0.3619791666666667,0.44570530726256985,0.22375,0.309609375,0.0630846204046117,0.24044829342842589,2026-04-03T19:41:51,0.2026,9,768,0.5148,0.3096,6,1600,0.417,0,100,100,gt_based,0,,0,,624.2525,514.540625
98,0.19,0.34375,0.18,0.28875,0.3767857142857143,0.47686068702290074,0.16375,0.26734375,0.08043929949539923,0.41887062187276625,2026-04-03T19:50:14,0.1568,9,560,0.5122,0.2673,6,1600,0.3887,0,100,100,gt_based,0,,0,,620.599375,535.775625
99,0.28,0.385,0.26,0.33375,0.3835227272727273,0.43657544378698226,0.21125,0.2859375,0.09801849405548217,0.32061805890873973,2026-04-03T19:58:53,0.1851,10,704,0.5477,0.2859,8,1600,0.4118,0,100,100,gt_based,0,,0,,653.5725,540.230625
100,0.29,0.415,0.24,0.37,0.5089285714285714,0.6410108024691358,0.2025,0.299375,0.04625,0.3205236486486487,2026-04-03T20:33:40,0.2915,8,672,0.5747,0.2994,7,1600,0.4099,0,100,100,gt_based,0,,0,,593.663125,514.706875
101,0.34,0.46625,0.33,0.41875,0.45611702127659576,0.4993407172995781,0.29625,0.38640625,0.057583741061347386,0.3752093802345059,2026-04-03T20:41:16,0.2469,6,752,0.5459,0.3864,8,1600,0.4429,0,100,100,gt_based,0,,0,,550.745625,498.10125
102,0.27,0.3525,0.28,0.345,0.43607954545454547,0.584464856230032,0.195625,0.255546875,0.04020343908936789,0.20874471086036672,2026-04-03T20:49:15,0.3063,9,704,0.4945,0.2555,10,1600,0.4038,0,100,100,gt_based,0,,0,,591.151875,542.72625
103,0.34,0.4477987421383648,0.31,0.3937106918238994,0.43359375,0.5197044334975369,0.25375,0.3382861635220126,0.06840829517910046,0.41029341029341027,2026-04-03T20:57:23,0.2504,5,768,0.4973,0.3362,8,1600,0.4317,0,100,100,gt_based,0,,0,,585.391875,557.6425
104,0.31,0.43107769423558895,0.32,0.38972431077694236,0.49728260869565216,0.6011757425742574,0.2525,0.3466478696741855,0.0636478784040532,0.2683379758588672,2026-04-03T21:05:24,0.3204,8,736,0.5661,0.3464,10,1600,0.4293,0,100,100,gt_based,0,,0,,584.0075,548.038125
105,0.31,0.42625,0.27,0.39375,0.4157608695652174,0.5346590909090909,0.20625,0.301015625,0.07674632352941177,0.3166977611940298,2026-04-03T21:13:27,0.2404,12,736,0.5116,0.301,5,1600,0.4127,0,100,100,gt_based,0,,0,,605.56875,558.65125
106,0.35,0.455470737913486,0.28,0.3753180661577608,0.4604591836734694,0.5240112994350282,0.22125,0.317589058524173,0.10155222309918442,0.3254303345241961,2026-04-03T21:21:38,0.2491,5,784,0.5251,0.3144,7,1600,0.4152,0,100,100,gt_based,0,,0,,570.01625,557.516875
107,0.27,0.37625,0.23,0.33,0.4253048780487805,0.5896946564885496,0.16375,0.26671875,0.04634373544480671,0.35074626865671643,2026-04-03T21:29:51,0.2824,6,656,0.4592,0.2667,11,1600,0.3812,0,100,100,gt_based,0,,0,,600.464375,587.0075
108,0.27,0.36215538847117795,0.27,0.34711779448621555,0.44932432432432434,0.5026809651474531,0.233125,0.29636591478696744,0.13927451858486342,0.3556254917387883,2026-04-03T21:38:38,0.2176,1,592,0.5936,0.2981,4,1600,0.419,0,100,100,gt_based,0,,0,,622.21125,594.293125
109,0.21,0.35,0.22,0.31375,0.3815789473684211,0.48575367647058826,0.17,0.25234375,0.07709130672498633,0.27357392316647267,2026-04-03T21:46:19,0.2347,6,608,0.5002,0.2523,13,1600,0.3834,0,100,100,gt_based,0,,0,,603.355,564.30625
110,0.16,0.33375,0.19,0.33,0.4583333333333333,0.5463942307692308,0.1625,0.25015625,0.11557340473003123,0.29867083659108684,2026-04-03T21:55:06,0.2768,7,480,0.5239,0.2502,8,1600,0.3901,0,100,100,gt_based,0,,0,,646.139375,569.6475
111,0.26,0.3675,0.27,0.38125,0.41388888888888886,0.48202341137123744,0.186875,0.273515625,0.07857142857142857,0.3781545741324921,2026-04-03T22:03:04,0.2527,8,720,0.4591,0.2735,8,1600,0.397,0,100,100,gt_based,0,,0,,598.438125,561.9825
112,0.28,0.395,0.21,0.33375,0.4166666666666667,0.5021484375,0.2,0.29515625,0.0688497061293031,0.3307430791646431,2026-04-03T22:10:46,0.1983,8,672,0.5516,0.2952,10,1600,0.4097,0,100,100,gt_based,0,,0,,557.53375,577.88625
113,0.33,0.42462311557788945,0.31,0.3969849246231156,0.4722222222222222,0.538804945054945,0.2275,0.3105370603015075,0.08012139605462823,0.39441899208663056,2026-04-03T22:18:50,0.2679,5,720,0.5504,0.3137,10,1600,0.4197,0,100,100,gt_based,0,,0,,589.6525,576.609375
114,0.23,0.3575,0.22,0.32875,0.4171875,0.5049283154121864,0.174375,0.259296875,0.10765027322404372,0.32608695652173914,2026-04-03T22:27:24,0.2352,4,640,0.5069,0.2593,13,1600,0.3931,0,100,100,gt_based,0,,0,,628.673125,603.09875
115,0.21,0.355,0.21,0.32875,0.4375,0.5210622710622711,0.170625,0.25265625,0.046055115137787844,0.37037037037037035,2026-04-03T22:35:59,0.2215,2,528,0.5623,0.2527,10,1600,0.3876,0,100,100,gt_based,0,,0,,656.97,611.14875
116,0.25,0.35375,0.24,0.3175,0.3997093023255814,0.5168711656441718,0.20375,0.274921875,0.0840764331210191,0.273701124799143,2026-04-03T22:43:50,0.2067,7,688,0.5354,0.2749,7,1600,0.4017,0,100,100,gt_based,0,,0,,603.9475,588.445
117,0.32,0.415,0.27,0.3525,0.41944444444444445,0.5125358166189111,0.218125,0.291953125,0.06682389937106918,0.3561320754716981,2026-04-03T22:52:08,0.2278,5,720,0.5223,0.292,8,1600,0.4193,0,100,100,gt_based,0,,0,,643.34375,583.761875
118,0.25,0.37092731829573933,0.21,0.33458646616541354,0.4203125,0.5340531561461794,0.188125,0.28720238095238093,0.11676396997497915,0.48659003831417624,2026-04-03T23:00:25,0.1924,3,640,0.5259,0.287,6,1600,0.4048,0,100,100,gt_based,0,,0,,610.364375,606.46625
119,0.22,0.34886649874055414,0.22,0.3161209068010076,0.3333333333333333,0.4542372881355932,0.184375,0.25661209068010077,0.05499781754692274,0.2682758620689655,2026-04-03T23:08:32,0.1844,5,672,0.5166,0.2622,9,1600,0.3974,0,100,100,gt_based,0,,0,,587.2225,596.55375
120,0.28,0.4175,0.29,0.4,0.44642857142857145,0.5213629943502824,0.22125,0.318203125,0.0965742251223491,0.19723183391003463,2026-04-03T23:16:55,0.2931,5,672,0.5885,0.3182,8,1600,0.4207,0,100,100,gt_based,0,,0,,626.515625,584.474375
121,0.34,0.44625,0.28,0.37625,0.4075,0.47044573643410853,0.241875,0.33203125,0.08002816240319174,0.2799318278653601,2026-04-03T23:25:27,0.246,9,800,0.5365,0.332,7,1600,0.4289,0,100,100,gt_based,0,,0,,629.939375,646.369375
122,0.26,0.41,0.22,0.35125,0.409375,0.49800531914893614,0.17625,0.279765625,0.06940236849352796,0.22412970910824992,2026-04-03T23:33:54,0.2463,7,640,0.5714,0.2798,5,1600,0.3959,0,100,100,gt_based,0,,0,,610.155625,596.773125
123,0.27,0.3677581863979849,0.22,0.3249370277078086,0.3948170731707317,0.4509985207100592,0.21125,0.29825251889168763,0.04693140794223827,0.36111111111111116,2026-04-03T23:42:42,0.1866,8,656,0.4659,0.296,5,1600,0.4149,0,100,100,gt_based,0,,0,,648.964375,578.06875
124,0.23,0.345,0.2,0.31125,0.3454861111111111,0.5131340579710145,0.1725,0.2475,0.08247142079477408,0.15008880994671403,2026-04-03T23:51:00,0.242,4,576,0.5185,0.2475,5,1600,0.3792,0,100,100,gt_based,0,,0,,607.59625,586.953125
125,0.32,0.4258793969849246,0.3,0.39321608040201006,0.3856707317073171,0.47033227848101267,0.1975,0.30182160804020103,0.03691813804173355,0.3284371327849589,2026-04-04T00:24:06,0.2392,8,656,0.4307,0.3003,6,1600,0.4063,0,100,100,gt_based,0,,0,,634.3475,578.8125
126,0.33,0.4475,0.25,0.36875,0.4753289473684211,0.563382768361582,0.22125,0.307890625,0.05267326732673267,0.35022742040285904,2026-04-04T00:32:13,0.2963,5,608,0.494,0.3079,11,1600,0.4137,0,100,100,gt_based,0,,0,,610.324375,602.275
127,0.3,0.435,0.25,0.34375,0.40476190476190477,0.4886527377521614,0.216875,0.29671875,0.04578174488914483,0.24030110017371165,2026-04-04T00:40:25,0.2886,7,672,0.5099,0.2967,4,1600,0.4135,0,100,100,gt_based,0,,0,,627.075625,565.40625
128,0.24,0.3333333333333333,0.19,0.2781954887218045,0.3288690476190476,0.44682539682539685,0.196875,0.28618421052631576,0.09558308015891563,0.3824145150034892,2026-04-04T00:48:35,0.1506,6,672,0.53,0.2877,4,1600,0.4029,0,100,100,gt_based,0,,0,,648.469375,602.1625
129,0.3,0.42,0.29,0.37375,0.4320652173913043,0.4984838274932615,0.231875,0.31625,0.14017628660790446,0.25871717606543265,2026-04-04T00:56:26,0.2327,4,736,0.5682,0.3162,8,1600,0.4212,0,100,100,gt_based,0,,0,,557.05375,553.658125
130,0.3,0.425,0.28,0.40125,0.37926136363636365,0.48679123711340205,0.2425,0.332109375,0.09674582233948989,0.2419452887537994,2026-04-04T01:04:11,0.2152,5,704,0.526,0.3321,11,1600,0.4248,0,100,100,gt_based,0,,0,,601.083125,557.144375
131,0.37,0.4514501891551072,0.33,0.3833543505674653,0.4741847826086957,0.5780396174863388,0.22875,0.30225409836065575,0.08653846153846154,0.25131578947368416,2026-04-04T01:12:24,0.3341,2,736,0.5207,0.3023,9,1600,0.4151,0,100,100,gt_based,0,,0,,581.030625,574.866875
132,0.26,0.38875,0.24,0.35,0.3980263157894737,0.5071373456790124,0.2025,0.2896875,0.07127295362589481,0.2930127723516154,2026-04-04T01:20:31,0.2193,5,608,0.5391,0.2897,9,1600,0.4104,0,100,100,gt_based,0,,0,,607.18625,568.83375
133,0.29,0.41125,0.27,0.39,0.4423076923076923,0.5063202247191011,0.2225,0.3121875,0.07158541941150637,0.4193337687785761,2026-04-04T01:28:34,0.2343,4,832,0.4724,0.3122,14,1600,0.415,0,100,100,gt_based,0,,0,,566.728125,568.1475
134,0.27,0.41625,0.24,0.35,0.40896739130434784,0.5549674267100977,0.191875,0.290546875,0.06310679611650485,0.31561618062088426,2026-04-04T01:36:42,0.2697,8,736,0.4527,0.2905,9,1600,0.407,0,100,100,gt_based,0,,0,,620.425625,590.930625
135,0.2,0.33125,0.22,0.31,0.4753289473684211,0.595458984375,0.16,0.246171875,0.0969096909690969,0.3901696389734667,2026-04-04T01:44:56,0.2491,2,608,0.4788,0.2462,9,1600,0.3807,0,100,100,gt_based,0,,0,,631.7975,576.035625
136,0.33,0.43625,0.29,0.39375,0.3882978723404255,0.4708449720670391,0.22375,0.308203125,0.044034440344403444,0.29656096471639126,2026-04-04T01:53:26,0.224,10,752,0.5264,0.3082,9,1600,0.4181,0,100,100,gt_based,0,,0,,647.85,557.261875
137,0.22,0.35768261964735515,0.25,0.3602015113350126,0.4011627906976744,0.530029296875,0.16,0.23598866498740553,0.05318450426789232,0.2671788305591123,2026-04-04T02:01:46,0.2737,8,688,0.4587,0.2347,9,1600,0.3822,0,100,100,gt_based,0,,0,,654.919375,553.945625
138,0.24,0.4105793450881612,0.24,0.380352644836272,0.37092391304347827,0.4218266253869969,0.201875,0.31753778337531485,0.08955905871601554,0.43523083818915287,2026-04-04T02:10:07,0.145,6,736,0.4799,0.3152,8,1600,0.4064,0,100,100,gt_based,0,,0,,578.120625,565.0975
139,0.32,0.44836272040302266,0.3,0.40554156171284633,0.41466346153846156,0.530016447368421,0.285,0.364845717884131,0.08729388942774007,0.37632135306553915,2026-04-04T02:18:00,0.1978,7,832,0.5449,0.3621,7,1600,0.4406,0,100,100,gt_based,0,,0,,581.730625,511.164375
140,0.25,0.35125,0.23,0.3225,0.4268292682926829,0.5754915730337079,0.2225,0.29875,0.04634366536262414,0.3635748138117806,2026-04-04T02:26:21,0.2611,6,656,0.5712,0.2988,9,1600,0.4152,0,100,100,gt_based,0,,0,,595.89,547.723125
141,0.31,0.425,0.26,0.36875,0.3704268292682927,0.4969919786096257,0.23375,0.3121875,0.04230317273795535,0.3249097472924187,2026-04-04T02:34:22,0.2256,2,656,0.538,0.3122,8,1600,0.4259,0,100,100,gt_based,0,,0,,614.499375,583.795625
142,0.31,0.41125,0.29,0.3925,0.41517857142857145,0.5265384615384615,0.203125,0.296875,0.07731520815632965,0.40920336467095497,2026-04-04T02:42:16,0.2023,7,672,0.4821,0.2969,10,1600,0.4049,0,100,100,gt_based,0,,0,,628.106875,532.19125
143,0.24,0.34125,0.19,0.2975,0.546875,0.6664186507936508,0.1575,0.24421875,0.09939220593493028,0.26309174696271476,2026-04-04T02:50:18,0.3936,5,576,0.5353,0.2442,8,1600,0.3811,0,100,100,gt_based,0,,0,,630.1125,522.99375
144,0.26,0.37125,0.24,0.3475,0.3155487804878049,0.3718051118210863,0.195625,0.274140625,0.0696774193548387,0.25418474891506515,2026-04-04T02:58:14,0.1836,3,656,0.4624,0.2741,7,1600,0.4084,0,100,100,gt_based,0,,0,,582.5175,497.359375
145,0.22,0.4080604534005038,0.18,0.3035264483627204,0.44921875,0.5885847107438017,0.15125,0.2607052896725441,0.06850751485494583,0.37148732008224816,2026-04-04T03:06:33,0.2937,7,512,0.5016,0.2587,9,1600,0.3811,0,100,100,gt_based,0,,0,,619.389375,572.90375
146,0.35,0.451693851944793,0.3,0.38268506900878296,0.4338235294117647,0.529979674796748,0.230625,0.3123431618569636,0.06531881804043546,0.3855149000377216,2026-04-04T03:14:53,0.2241,9,816,0.4692,0.312,11,1600,0.4194,0,100,100,gt_based,0,,0,,636.92125,542.7225
147,0.24,0.395,0.24,0.3675,0.3902027027027027,0.4415807560137457,0.181875,0.281484375,0.06815968841285297,0.2933717579250721,2026-04-04T03:22:35,0.2292,6,592,0.4982,0.2815,6,1600,0.3903,0,100,100,gt_based,0,,0,,592.1,552.444375
148,0.22,0.3350125944584383,0.19,0.3035264483627204,0.3602941176470588,0.3897210743801653,0.15125,0.23307619647355163,0.05428666004634227,0.31805632247377136,2026-04-04T03:30:33,0.2113,5,544,0.4195,0.2367,8,1600,0.377,0,100,100,gt_based,0,,0,,604.109375,542.23
149,0.3,0.43875,0.26,0.3875,0.4451219512195122,0.5139984227129337,0.198125,0.2903125,0.047315741583257506,0.28725905030559473,2026-04-04T03:38:34,0.3003,5,656,0.496,0.2903,8,1600,0.4044,0,100,100,gt_based,0,,0,,587.738125,529.89875
150,0.24,0.34711779448621555,0.17,0.24561403508771928,0.3464285714285714,0.44528388278388276,0.170625,0.24091478696741855,0.061911987860394535,0.23824209714726297,2026-04-04T04:12:23,0.2127,6,560,0.5223,0.2428,16,1600,0.3821,0,100,100,gt_based,0,,0,,616.56875,539.686875
151,0.21,0.31375,0.19,0.2875,0.3709677419354839,0.35032188841201717,0.145625,0.208515625,0.06595995288574794,0.3467790487658038,2026-04-04T04:19:50,0.1865,5,496,0.5171,0.2085,9,1600,0.3613,0,100,100,gt_based,0,,0,,571.26875,534.841875
152,0.27,0.3987421383647799,0.2,0.28553459119496855,0.46452702702702703,0.6176470588235294,0.159375,0.23388364779874213,0.04577259475218659,0.24821610601427113,2026-04-04T04:27:42,0.3347,5,592,0.484,0.2324,10,1600,0.3795,0,100,100,gt_based,0,,0,,615.2025,555.12
153,0.2,0.3883984867591425,0.23,0.37957124842370743,0.37202380952380953,0.4469758064516129,0.19375,0.3061948297604035,0.09387121799844841,0.34805194805194806,2026-04-04T04:35:46,0.1845,4,672,0.5097,0.3073,7,1600,0.4082,0,100,100,gt_based,0,,0,,595.220625,565.315625
154,0.22,0.34461152882205515,0.18,0.2869674185463659,0.3171875,0.4527310924369748,0.14875,0.22344924812030076,0.04864532019704434,0.2448717948717949,2026-04-04T04:43:56,0.182,12,640,0.5021,0.2252,11,1600,0.3672,0,100,100,gt_based,0,,0,,630.35125,566.738125
155,0.28,0.38125,0.24,0.33625,0.37797619047619047,0.43492879746835444,0.1975,0.278125,0.04237957357199263,0.22878228782287824,2026-04-04T04:52:28,0.2714,4,672,0.4826,0.2781,8,1600,0.4042,0,100,100,gt_based,0,,0,,579.7575,545.185
156,0.35,0.49375,0.31,0.42125,0.43068181818181817,0.5335755813953489,0.26875,0.356640625,0.06486601446193109,0.26861489191353083,2026-04-04T05:00:28,0.2797,5,880,0.5208,0.3566,12,1600,0.4346,0,100,100,gt_based,0,,0,,583.0325,551.246875
157,0.3,0.41375,0.28,0.36875,0.3977272727272727,0.5033185840707964,0.211875,0.294375,0.08552118533922537,0.2819869543401907,2026-04-04T05:08:50,0.225,3,704,0.5381,0.2944,5,1600,0.4148,0,100,100,gt_based,0,,0,,586.12,510.193125
158,0.29,0.39,0.22,0.31375,0.4182692307692308,0.48617788461538464,0.195,0.2646875,0.07257033248081841,0.23605150214592274,2026-04-04T05:16:42,0.2591,8,624,0.5188,0.2647,3,1600,0.3943,0,100,100,gt_based,0,,0,,586.446875,526.300625
159,0.28,0.43073047858942065,0.27,0.3954659949622166,0.36128048780487804,0.4473495702005731,0.218125,0.32816435768261965,0.06596531134489622,0.2021505376344086,2026-04-04T05:23:31,0.245,5,656,0.5264,0.3257,4,1600,0.4116,0,100,100,gt_based,0,,0,,569.855,529.47125
160,0.2,0.32871536523929473,0.15,0.2682619647355164,0.4125,0.47137605042016806,0.14875,0.24448992443324938,0.08594477195159789,0.28097459823742876,2026-04-04T05:31:26,0.2547,2,560,0.5327,0.2436,11,1600,0.3822,0,100,100,gt_based,0,,0,,608.414375,570.576875
161,0.31,0.39875,0.3,0.385,0.434375,0.5008491847826086,0.23,0.3046875,0.13353115727002968,0.2119565217391305,2026-04-04T05:39:06,0.2673,2,640,0.6125,0.3047,6,1600,0.4147,0,100,100,gt_based,0,,0,,593.139375,522.226875
162,0.22,0.3425,0.2,0.32625,0.44256756756756754,0.6121541501976284,0.158125,0.2709375,0.07891001986942946,0.259863229879011,2026-04-04T05:47:08,0.2831,7,592,0.518,0.2709,13,1600,0.3926,0,100,100,gt_based,0,,0,,610.261875,536.64875
163,0.3,0.38375,0.27,0.39,0.421195652173913,0.5204454787234043,0.235,0.31609375,0.06302083333333333,0.27812499999999996,2026-04-04T05:55:33,0.2718,12,736,0.523,0.3161,5,1600,0.4249,0,100,100,gt_based,0,,0,,619.403125,548.051875
164,0.26,0.38125,0.25,0.34125,0.45426829268292684,0.4931506849315068,0.1825,0.28140625,0.07642725598526703,0.38269680436477005,2026-04-04T06:02:26,0.2587,1,656,0.4818,0.2814,9,1600,0.3973,0,100,100,gt_based,0,,0,,571.895625,509.9025
165,0.34,0.44125,0.29,0.4175,0.4597222222222222,0.5595326409495549,0.210625,0.330078125,0.10501126126126126,0.3225931677018633,2026-04-04T06:10:27,0.2456,3,720,0.5209,0.3301,4,1600,0.4147,0,100,100,gt_based,0,,0,,589.73,513.120625
166,0.3,0.39125,0.31,0.37625,0.4806547619047619,0.5628787878787879,0.20625,0.279921875,0.0886426592797784,0.2537112010796221,2026-04-04T06:18:03,0.3309,3,672,0.5046,0.2799,10,1600,0.4066,0,100,100,gt_based,0,,0,,581.759375,502.918125
167,0.2,0.335,0.24,0.35,0.3680555555555556,0.4765625,0.17,0.272734375,0.08383751080380294,0.23402727925340994,2026-04-04T06:26:13,0.2012,4,576,0.5451,0.2727,8,1600,0.3865,0,100,100,gt_based,0,,0,,601.668125,500.905
168,0.3,0.42375,0.26,0.37625,0.53125,0.6241710875331565,0.235625,0.318125,0.08450210378681627,0.2987394957983194,2026-04-04T06:33:19,0.3354,4,704,0.5675,0.3181,5,1600,0.4204,0,100,100,gt_based,0,,0,,555.2,491.5575
169,0.26,0.3975,0.18,0.29875,0.4150641025641026,0.4982429718875502,0.155625,0.253125,0.05962059620596206,0.34545454545454546,2026-04-04T06:41:00,0.2324,7,624,0.4631,0.2531,10,1600,0.3737,0,100,100,gt_based,0,,0,,585.24125,496.9725
170,0.23,0.336272040302267,0.2,0.28085642317380355,0.478515625,0.5804227941176471,0.17,0.24606423173803527,0.10634648370497427,0.3289124668435013,2026-04-04T06:49:16,0.2876,3,512,0.5766,0.2517,8,1600,0.3873,0,100,100,gt_based,0,,0,,577.165625,546.7275
171,0.29,0.3725,0.27,0.35125,0.4491279069767442,0.5324868073878628,0.236875,0.306875,0.10494852208568582,0.2591826176927057,2026-04-04T06:57:04,0.2635,1,688,0.5715,0.3069,11,1600,0.4209,0,100,100,gt_based,0,,0,,576.4775,484.419375
172,0.25,0.38847117794486213,0.23,0.36466165413533835,0.4181547619047619,0.48031655844155846,0.1925,0.2978540100250627,0.08647755439272928,0.28910168718650253,2026-04-04T07:05:12,0.2391,3,672,0.515,0.299,6,1600,0.4076,0,100,100,gt_based,0,,0,,591.175,482.09875
173,0.26,0.40625,0.25,0.38,0.3625,0.41997832369942195,0.21625,0.30578125,0.06342072409488139,0.36634663971702885,2026-04-04T07:12:49,0.2012,6,720,0.4399,0.3058,10,1600,0.4152,0,100,100,gt_based,0,,0,,587.056875,463.20375
174,0.3,0.37875,0.28,0.36625,0.39893617021276595,0.5429347826086957,0.215625,0.294765625,0.048711842390127734,0.2857897517168515,2026-04-04T07:20:42,0.2299,7,752,0.5327,0.2948,7,1600,0.4144,0,100,100,gt_based,0,,0,,609.0675,488.58375
175,0.27,0.38287153652392947,0.29,0.3702770780856423,0.4175531914893617,0.5372023809523809,0.23625,0.30982367758186397,0.1028175976272862,0.4024767801857585,2026-04-04T07:54:54,0.2169,4,752,0.5356,0.315,4,1600,0.4246,0,100,100,gt_based,0,,0,,589.5925,478.00125
176,0.19,0.32625,0.19,0.31,0.40789473684210525,0.5216836734693877,0.153125,0.2403125,0.07135306553911205,0.3764822134387352,2026-04-04T08:02:59,0.2192,2,608,0.4688,0.2403,9,1600,0.3794,0,100,100,gt_based,0,,0,,594.495,480.755
177,0.24,0.35,0.19,0.2975,0.4150641025641026,0.5236164122137404,0.16375,0.24421875,0.05072662462297779,0.2391608391608392,2026-04-04T08:10:53,0.2904,4,624,0.4703,0.2442,4,1600,0.3846,0,100,100,gt_based,0,,0,,588.575,504.499375
178,0.29,0.4296482412060301,0.27,0.38819095477386933,0.48233695652173914,0.6368786549707602,0.21375,0.3141488693467337,0.0835030549898167,0.32239057239057234,2026-04-04T08:18:48,0.2944,6,736,0.5233,0.3176,9,1600,0.417,0,100,100,gt_based,0,,0,,582.25875,461.26875
179,0.33,0.43954659949622166,0.29,0.3702770780856423,0.48404255319148937,0.5779639175257731,0.2425,0.31226385390428213,0.08034647550776583,0.34894991922455576,2026-04-04T08:26:34,0.2638,3,752,0.5483,0.3099,10,1600,0.4242,0,100,100,gt_based,0,,0,,599.073125,460.903125
180,0.3,0.4125,0.27,0.37,0.4316860465116279,0.5594093406593407,0.2275,0.31859375,0.10492505353319058,0.2845953002610966,2026-04-04T08:34:33,0.2367,2,688,0.5687,0.3186,3,1600,0.42,0,100,100,gt_based,0,,0,,578.833125,465.47625
181,0.23,0.4025,0.18,0.33,0.38513513513513514,0.4568273092369478,0.155625,0.27203125,0.06222222222222222,0.3305084745762712,2026-04-04T08:42:29,0.2308,7,592,0.4209,0.272,11,1600,0.3901,0,100,100,gt_based,0,,0,,593.70625,455.8625
182,0.34,0.4625,0.29,0.3825,0.3520408163265306,0.4323170731707317,0.25625,0.339921875,0.04583038034490905,0.2861222158766419,2026-04-04T08:50:24,0.1916,5,784,0.4759,0.3399,7,1600,0.4299,0,100,100,gt_based,0,,0,,586.0775,462.661875
183,0.32,0.4475,0.34,0.41125,0.4322916666666667,0.5262706043956044,0.2275,0.30671875,0.06201737451737452,0.2875,2026-04-04T08:58:03,0.2653,3,768,0.5547,0.3067,5,1600,0.4209,0,100,100,gt_based,0,,0,,551.1125,418.56625
184,0.32,0.4025,0.32,0.41625,0.4036458333333333,0.5253048780487805,0.25625,0.33796875,0.07018429689472355,0.3027730616864742,2026-04-04T09:05:48,0.2436,10,768,0.5467,0.338,9,1600,0.432,0,100,100,gt_based,0,,0,,580.95125,431.035625
185,0.26,0.38596491228070173,0.22,0.33208020050125314,0.37771739130434784,0.47503541076487255,0.220625,0.31900062656641603,0.06551967947207164,0.38408488063660473,2026-04-04T09:14:05,0.1746,3,736,0.5431,0.3197,3,1600,0.4184,0,100,100,gt_based,0,,0,,578.04375,422.271875
186,0.23,0.34461152882205515,0.25,0.3433583959899749,0.4479166666666667,0.5513888888888889,0.16875,0.2619830827067669,0.0609284332688588,0.25863991081382387,2026-04-04T09:21:09,0.3221,1,576,0.5213,0.2638,9,1600,0.3908,0,100,100,gt_based,0,,0,,545.809375,454.11875
187,0.25,0.39625,0.2,0.32,0.3963068181818182,0.4873134328358209,0.209375,0.29109375,0.08595766649457924,0.3295566502463054,2026-04-04T09:29:14,0.237,4,704,0.4817,0.2911,7,1600,0.4057,0,100,100,gt_based,0,,0,,599.2825,440.749375
188,0.34,0.48,0.3,0.3875,0.5394021739130435,0.6595744680851063,0.235,0.326015625,0.04520123839009288,0.26245059288537553,2026-04-04T09:36:18,0.3757,5,736,0.5198,0.326,10,1600,0.4205,0,100,100,gt_based,0,,0,,522.59375,450.643125
189,0.29,0.40328697850821743,0.24,0.324905183312263,0.4920212765957447,0.5803100263852242,0.236875,0.3094974715549937,0.1093325279371791,0.39217162213022205,2026-04-04T09:44:07,0.2634,3,752,0.5216,0.3111,4,1600,0.4245,0,100,100,gt_based,0,,0,,542.026875,461.52125
190,0.23,0.3589420654911839,0.23,0.33879093198992444,0.4577205882352941,0.596875,0.175,0.2742443324937028,0.09454012458776108,0.2702341137123746,2026-04-04T09:51:03,0.283,3,544,0.6,0.2722,6,1600,0.3916,0,100,100,gt_based,0,,0,,556.0175,475.105
191,0.3,0.45591939546599497,0.27,0.3967254408060453,0.4630681818181818,0.5248655913978495,0.2325,0.33091939546599497,0.06873401534526855,0.35347985347985345,2026-04-04T09:58:46,0.198,7,704,0.602,0.3359,6,1600,0.4233,0,100,100,gt_based,0,,0,,570.790625,446.538125
192,0.3,0.43375,0.29,0.4075,0.5212765957446809,0.6711512261580381,0.229375,0.33671875,0.08611552729199788,0.3256496227996647,2026-04-04T10:06:28,0.3377,6,752,0.5393,0.3367,6,1600,0.4221,0,100,100,gt_based,0,,0,,564.764375,460.266875
193,0.27,0.3925,0.24,0.33625,0.490625,0.5360130111524164,0.168125,0.272890625,0.09695024077046549,0.29670329670329665,2026-04-04T10:14:38,0.2697,1,640,0.5261,0.2729,12,1600,0.3898,0,100,100,gt_based,0,,0,,572.824375,474.98375
194,0.34,0.4396984924623116,0.32,0.40954773869346733,0.40988372093023256,0.5379273504273504,0.219375,0.29836683417085424,0.08572231590781337,0.16412213740458015,2026-04-04T10:22:53,0.2993,4,688,0.5147,0.2969,8,1600,0.4199,0,100,100,gt_based,0,,0,,551.613125,457.20125
195,0.25,0.345,0.21,0.3325,0.42948717948717946,0.5647241992882562,0.175625,0.25890625,0.0723915592028136,0.2384393063583815,2026-04-04T10:29:30,0.2923,8,624,0.5462,0.2589,13,1600,0.3887,0,100,100,gt_based,0,,0,,557.316875,484.05875
196,0.28,0.40100250626566414,0.2,0.30952380952380953,0.4880952380952381,0.6059397163120568,0.17625,0.27098997493734334,0.07278220269156825,0.3543670642554829,2026-04-04T10:37:53,0.2931,8,672,0.4695,0.2708,7,1600,0.4021,0,100,100,gt_based,0,,0,,563.63625,450.585625
197,0.29,0.4007537688442211,0.24,0.32663316582914576,0.4694767441860465,0.5129598662207357,0.186875,0.2695508793969849,0.06622516556291391,0.27553616866593966,2026-04-04T10:44:48,0.2988,3,688,0.5206,0.2729,5,1600,0.4042,0,100,100,gt_based,0,,0,,524.10875,436.443125
198,0.28,0.3977272727272727,0.28,0.37247474747474746,0.44359756097560976,0.5076650943396226,0.19875,0.28188131313131315,0.08525700215450908,0.2978230662343677,2026-04-04T10:52:22,0.2558,5,656,0.5528,0.2831,7,1600,0.4022,0,100,100,gt_based,0,,0,,562.415,426.5525
199,0.21,0.30730478589420657,0.18,0.26448362720403024,0.3642241379310345,0.46622242647058826,0.17,0.2485044080604534,0.0681618293755497,0.33458646616541354,2026-04-04T10:59:20,0.2089,1,464,0.5535,0.2466,7,1600,0.3832,0,100,100,gt_based,0,,0,,556.8625,439.526875
200,0.22,0.36125,0.26,0.3625,0.5303571428571429,0.6301194539249146,0.183125,0.280625,0.07174887892376682,0.31335898845519516,2026-04-04T11:32:13,0.3459,4,560,0.5328,0.2806,7,1600,0.3935,0,100,100,gt_based,0,,0,,558.88125,431.570625
201,0.27,0.39473684210526316,0.28,0.37092731829573933,0.5052083333333334,0.6636284722222222,0.18,0.2551691729323308,0.07191171235315058,0.24124513618677046,2026-04-04T11:39:51,0.3141,6,576,0.4897,0.2568,9,1600,0.3908,0,100,100,gt_based,0,,0,,561.401875,444.946875
202,0.31,0.41875,0.25,0.355,0.4454787234042553,0.5504742547425474,0.230625,0.3128125,0.09629065040650407,0.2896897810218978,2026-04-04T11:47:47,0.2493,6,752,0.5348,0.3128,9,1600,0.4206,0,100,100,gt_based,0,,0,,569.771875,440.860625
203,0.2,0.34210526315789475,0.19,0.3132832080200501,0.38344594594594594,0.547119140625,0.16,0.22955827067669174,0.06999236446933062,0.2619212163096061,2026-04-04T11:56:18,0.2409,5,592,0.5102,0.2308,16,1600,0.374,0,100,100,gt_based,0,,0,,575.28875,480.643125
204,0.32,0.41625,0.34,0.40875,0.3893229166666667,0.4618524774774775,0.2775,0.35265625,0.06990014265335236,0.27278141751042284,2026-04-04T12:04:37,0.217,5,768,0.5233,0.3527,5,1600,0.4417,0,100,100,gt_based,0,,0,,545.91125,428.38625
205,0.3,0.4,0.25,0.37,0.49085365853658536,0.6019642857142857,0.21875,0.298046875,0.08113659705580281,0.2784810126582279,2026-04-04T12:12:17,0.2922,4,656,0.5807,0.298,5,1600,0.4187,0,100,100,gt_based,0,,0,,561.953125,448.125
206,0.2,0.35768261964735515,0.2,0.33249370277078083,0.42905405405405406,0.5434322033898306,0.184375,0.28046284634760704,0.05559085133418043,0.16583541147132175,2026-04-04T12:20:18,0.3116,2,592,0.5438,0.2784,6,1600,0.4013,0,100,100,gt_based,0,,0,,571.533125,465.033125
207,0.38,0.48875,0.31,0.39875,0.4770408163265306,0.5904566744730679,0.266875,0.343828125,0.07713199348180337,0.3078817733990148,2026-04-04T12:27:48,0.2994,4,784,0.5449,0.3438,10,1600,0.4395,0,100,100,gt_based,0,,0,,556.385,426.974375
208,0.27,0.39,0.29,0.3825,0.3780487804878049,0.4823916408668731,0.201875,0.28046875,0.06491372226787182,0.30649970184853903,2026-04-04T12:35:53,0.2138,3,656,0.4872,0.2805,10,1600,0.407,0,100,100,gt_based,0,,0,,543.635625,451.005
209,0.33,0.42375,0.28,0.3625,0.5284090909090909,0.6656441717791411,0.20375,0.292265625,0.10828597068501346,0.2576709796672828,2026-04-04T12:42:24,0.34,5,704,0.5657,0.2923,4,1600,0.4111,0,100,100,gt_based,0,,0,,517.91375,417.79
210,0.27,0.395,0.22,0.32125,0.483974358974359,0.62375,0.1875,0.287734375,0.09494640122511486,0.33715476810838974,2026-04-04T12:50:22,0.2832,3,624,0.5576,0.2877,6,1600,0.4002,0,100,100,gt_based,0,,0,,527.8525,417.050625
211,0.27,0.38375,0.28,0.37375,0.43898809523809523,0.5775862068965517,0.18125,0.270078125,0.05080946450809465,0.32522651406771574,2026-04-04T12:58:26,0.2254,1,672,0.5121,0.2701,9,1600,0.3869,0,100,100,gt_based,0,,0,,554.813125,438.63875
212,0.24,0.3425,0.19,0.29875,0.4391025641025641,0.5247727272727273,0.171875,0.272265625,0.07471607890017933,0.3507596067917784,2026-04-04T13:06:21,0.1992,3,624,0.5239,0.2723,10,1600,0.3904,0,100,100,gt_based,0,,0,,553.244375,417.060625
213,0.29,0.44,0.24,0.3725,0.48233695652173914,0.5640625,0.2,0.30609375,0.03810531886742524,0.40841153979840106,2026-04-04T13:14:18,0.2578,5,736,0.4659,0.3061,9,1600,0.4063,0,100,100,gt_based,0,,0,,536.8175,433.145625
214,0.29,0.39625,0.29,0.34625,0.506578947368421,0.5847772277227723,0.189375,0.2596875,0.06291390728476821,0.1887141535615171,2026-04-04T13:20:56,0.3697,5,608,0.5869,0.2597,5,1600,0.3991,0,100,100,gt_based,0,,0,,542.023125,397.0575
215,0.2,0.33249370277078083,0.18,0.29974811083123426,0.3782894736842105,0.49182692307692305,0.1625,0.26503463476070527,0.07447890188103712,0.466952264381885,2026-04-04T13:28:26,0.1641,7,608,0.4924,0.263,5,1600,0.3863,0,100,100,gt_based,0,,0,,542.6125,409.339375
216,0.27,0.405,0.25,0.365,0.46467391304347827,0.5567455242966752,0.244375,0.32828125,0.08055723803755299,0.36699729486023447,2026-04-04T13:35:04,0.2511,8,736,0.5627,0.3283,5,1600,0.4263,0,100,100,gt_based,0,,0,,526.24125,424.724375
217,0.3,0.39875,0.3,0.37125,0.496875,0.5739726027397261,0.228125,0.296328125,0.09771863117870723,0.2344632768361582,2026-04-04T13:41:39,0.3355,4,640,0.5886,0.2963,7,1600,0.419,0,100,100,gt_based,0,,0,,521.0475,438.3575
218,0.28,0.4251269035532995,0.25,0.37182741116751267,0.42296511627906974,0.48998397435897434,0.195,0.3013959390862944,0.06422505307855626,0.3638790035587188,2026-04-04T13:49:25,0.2546,1,688,0.4759,0.2969,7,1600,0.4059,0,100,100,gt_based,0,,0,,535.01875,427.135625
219,0.27,0.3725,0.26,0.33875,0.4423076923076923,0.5159182305630027,0.233125,0.31625,0.08687183482664589,0.19047619047619047,2026-04-04T13:57:02,0.2724,2,624,0.5905,0.3162,7,1600,0.431,0,100,100,gt_based,0,,0,,500.6,409.99125
220,0.23,0.3725,0.2,0.32125,0.4625,0.599907063197026,0.168125,0.26265625,0.05785413744740533,0.2937915742793792,2026-04-04T14:04:37,0.2453,6,560,0.4885,0.2627,9,1600,0.3918,0,100,100,gt_based,0,,0,,536.066875,423.56875
221,0.24,0.37092731829573933,0.21,0.3358395989974937,0.5,0.5790865384615385,0.1625,0.25861528822055135,0.048287971905179985,0.20524515393386544,2026-04-04T14:12:13,0.3484,2,512,0.5059,0.2601,6,1600,0.3872,0,100,100,gt_based,0,,0,,532.03,415.0225
222,0.18,0.3275,0.2,0.325,0.38392857142857145,0.49592391304347827,0.14375,0.254765625,0.04499151103565365,0.38144329896907214,2026-04-04T14:19:48,0.237,4,560,0.4492,0.2548,10,1600,0.3752,0,100,100,gt_based,0,,0,,551.48375,416.798125
223,0.32,0.435,0.3,0.40375,0.46111111111111114,0.5521628498727735,0.245625,0.338671875,0.08440366972477065,0.3379204892966361,2026-04-04T14:26:26,0.2816,5,720,0.5497,0.3387,7,1600,0.4274,0,100,100,gt_based,0,,0,,529.894375,433.385
224,0.27,0.38125,0.24,0.345,0.4423076923076923,0.5524839743589743,0.195,0.283671875,0.0770481144343303,0.37056367432150317,2026-04-04T14:34:26,0.2213,3,624,0.5788,0.2837,7,1600,0.4038,0,100,100,gt_based,0,,0,,565.399375,476.015
225,0.2,0.305,0.21,0.29625,0.3935810810810811,0.47568093385214005,0.160625,0.227421875,0.08504483656349436,0.22175512348922755,2026-04-04T15:07:55,0.2409,5,592,0.5143,0.2274,6,1600,0.3802,0,100,100,gt_based,0,,0,,536.495625,481.9375
226,0.24,0.37875,0.27,0.395,0.40327380952380953,0.490719696969697,0.20625,0.303671875,0.08865747255840135,0.38092756644085457,2026-04-04T15:14:35,0.1589,0,672,0.5537,0.3037,6,1600,0.4088,0,100,100,gt_based,0,,0,,531.74,429.015625
227,0.31,0.41478696741854637,0.28,0.37468671679197996,0.4119897959183674,0.528099455040872,0.229375,0.3155545112781955,0.0850480109739369,0.29677980852915575,2026-04-04T15:20:39,0.2304,5,784,0.5117,0.3151,10,1600,0.4202,0,100,100,gt_based,0,,0,,516.093125,410.6825
228,0.36,0.48125,0.32,0.44,0.49,0.625,0.266875,0.375625,0.06183368869936034,0.39846570397111913,2026-04-04T15:28:17,0.2734,9,800,0.5255,0.3756,4,1600,0.4322,0,100,100,gt_based,0,,0,,529.3825,403.304375
229,0.35,0.47,0.3,0.3975,0.4694767441860465,0.5246629901960784,0.255,0.363125,0.07507621951219512,0.390625,2026-04-04T15:35:28,0.2564,6,688,0.5412,0.3631,5,1600,0.4327,0,100,100,gt_based,0,,0,,517.1625,437.16125
230,0.28,0.4075,0.21,0.32625,0.4573170731707317,0.5880584192439863,0.181875,0.279140625,0.06647011525060306,0.33238501659554287,2026-04-04T15:43:18,0.2742,3,656,0.5108,0.2791,8,1600,0.3957,0,100,100,gt_based,0,,0,,548.435625,389.388125
231,0.23,0.395,0.21,0.36625,0.4775641025641026,0.6075246710526315,0.19,0.3228125,0.1154912226670773,0.2904431393486385,2026-04-04T15:50:36,0.2929,2,624,0.5247,0.3228,4,1600,0.4004,0,100,100,gt_based,0,,0,,507.745,370.80375
232,0.3,0.38375,0.3,0.37125,0.4375,0.6130490956072352,0.241875,0.311875,0.055916775032509754,0.2116158711903393,2026-04-04T15:58:01,0.2916,6,736,0.59,0.3119,7,1600,0.4324,0,100,100,gt_based,0,,0,,543.355625,403.2475
233,0.28,0.37625,0.24,0.345,0.440625,0.5365566037735849,0.19875,0.28125,0.12571067593177512,0.3368580060422961,2026-04-04T16:06:09,0.2017,1,640,0.5393,0.2812,5,1600,0.4019,0,100,100,gt_based,0,,0,,576.44375,429.263125
234,0.22,0.38625,0.22,0.35125,0.390625,0.5369415807560137,0.181875,0.31296875,0.10677225559803386,0.4334027055150884,2026-04-04T16:13:52,0.1273,4,640,0.5421,0.313,4,1600,0.3989,0,100,100,gt_based,0,,0,,517.94,446.461875
235,0.19,0.34634760705289674,0.18,0.3022670025188917,0.39338235294117646,0.5310402684563759,0.18625,0.28502833753148615,0.04819683181664981,0.5025799793601651,2026-04-04T16:20:24,0.1988,4,544,0.5601,0.2829,7,1600,0.399,0,100,100,gt_based,0,,0,,545.5575,480.680625
236,0.27,0.36875,0.26,0.34375,0.4785714285714286,0.5525914634146342,0.205,0.282890625,0.04481024234110654,0.20131147540983607,2026-04-04T16:28:07,0.3488,2,560,0.5627,0.2829,7,1600,0.4116,0,100,100,gt_based,0,,0,,533.044375,478.794375
237,0.29,0.40875,0.26,0.355,0.4814189189189189,0.6008254716981132,0.19875,0.284296875,0.07150755621083671,0.28246558946738476,2026-04-04T16:34:40,0.2946,3,592,0.5635,0.2843,13,1600,0.4009,0,100,100,gt_based,0,,0,,501.289375,463.156875
238,0.27,0.40375,0.21,0.30625,0.396875,0.5452961672473867,0.179375,0.27046875,0.0585710679121434,0.34380557202133966,2026-04-04T16:41:45,0.2232,5,640,0.5557,0.2705,11,1600,0.3925,0,100,100,gt_based,0,,0,,507.056875,464.28875
239,0.34,0.4725,0.34,0.43,0.482311320754717,0.6030321782178217,0.2525,0.34,0.1057535522944328,0.32515119174670937,2026-04-04T16:49:24,0.2844,5,848,0.5381,0.34,4,1600,0.4298,0,100,100,gt_based,0,,0,,492.75125,464.56125
240,0.29,0.43467336683417085,0.22,0.3592964824120603,0.4878048780487805,0.6872791519434629,0.176875,0.2775596733668342,0.06230847803881512,0.16179337231968816,2026-04-04T16:57:04,0.3782,1,656,0.528,0.2812,6,1600,0.3961,0,100,100,gt_based,0,,0,,513.8275,456.728125
241,0.34,0.4375,0.29,0.38375,0.48641304347826086,0.5846412556053812,0.27875,0.35078125,0.07269021739130435,0.2612028301886793,2026-04-04T17:04:18,0.3219,4,736,0.5511,0.3508,6,1600,0.4366,0,100,100,gt_based,0,,0,,498.140625,435.988125
242,0.29,0.43125,0.28,0.4025,0.4625,0.511864406779661,0.184375,0.300390625,0.09314140558848434,0.24387646432374865,2026-04-04T17:10:51,0.2634,1,560,0.5516,0.3004,8,1600,0.3985,0,100,100,gt_based,0,,0,,502.675625,453.251875
243,0.29,0.44584382871536526,0.23,0.345088161209068,0.4928977272727273,0.6230283911671924,0.198125,0.29809508816120905,0.0776778413736713,0.3277843836702339,2026-04-04T17:17:50,0.2927,7,704,0.4746,0.2959,4,1600,0.4026,0,100,100,gt_based,0,,0,,519.07125,431.025625
244,0.28,0.4203262233375157,0.28,0.383939774153074,0.4625,0.5717930029154519,0.214375,0.29430677540777916,0.06629101756711965,0.3827089337175793,2026-04-04T17:25:36,0.2445,7,640,0.5496,0.2939,6,1600,0.414,0,100,100,gt_based,0,,0,,554.21375,413.058125
245,0.23,0.3614609571788413,0.19,0.29974811083123426,0.5275735294117647,0.6422334558823529,0.17,0.2546442065491184,0.11376751854905194,0.29075804776739356,2026-04-04T17:33:32,0.3244,0,544,0.5643,0.2527,7,1600,0.3833,0,100,100,gt_based,0,,0,,555.793125,417.065625
246,0.3,0.43375,0.21,0.325,0.49069148936170215,0.5503582802547771,0.19625,0.29421875,0.08839634941329856,0.3309171131421368,2026-04-04T17:41:11,0.2721,3,752,0.5257,0.2942,9,1600,0.4022,0,100,100,gt_based,0,,0,,497.465,404.2475
247,0.38,0.50625,0.29,0.44625,0.5260416666666666,0.6191007653061225,0.245,0.354453125,0.09026128266033254,0.29003021148036257,2026-04-04T17:47:56,0.3581,5,768,0.5142,0.3545,4,1600,0.4265,0,100,100,gt_based,0,,0,,526.55125,415.848125
248,0.34,0.46125,0.29,0.39,0.4867021276595745,0.6335978835978836,0.23625,0.323203125,0.05063938618925831,0.3114754098360656,2026-04-04T17:55:23,0.3333,4,752,0.5154,0.3232,9,1600,0.4255,0,100,100,gt_based,0,,0,,526.21875,422.7325
249,0.18,0.33875,0.15,0.26875,0.44921875,0.5208333333333334,0.14625,0.255078125,0.06787833827893175,0.4429223744292238,2026-04-04T18:03:06,0.2189,5,512,0.4755,0.2551,5,1600,0.3753,0,100,100,gt_based,0,,0,,539.4375,425.11625
250,0.3,0.42375,0.26,0.37625,0.44021739130434784,0.5716145833333334,0.24,0.335234375,0.07864281956864808,0.33715846994535514,2026-04-04T18:36:02,0.2253,8,736,0.5332,0.3352,13,1600,0.4195,0,100,100,gt_based,0,,0,,505.835,368.693125
251,0.22,0.35625,0.24,0.3525,0.44871794871794873,0.522516835016835,0.185625,0.286484375,0.06130747575852362,0.4152334152334153,2026-04-04T18:44:11,0.2382,5,624,0.5179,0.2865,5,1600,0.4012,0,100,100,gt_based,0,,0,,525.6,397.109375
252,0.29,0.41875,0.3,0.405,0.5091463414634146,0.5765,0.234375,0.32609375,0.056309904153354635,0.28162650602409633,2026-04-04T18:51:33,0.3527,1,656,0.5108,0.3261,7,1600,0.4205,0,100,100,gt_based,0,,0,,532.903125,370.369375
253,0.16,0.35375,0.18,0.33625,0.5073529411764706,0.6182950191570882,0.163125,0.28453125,0.0995787054768288,0.40062597809076683,2026-04-04T18:59:13,0.2537,2,544,0.5158,0.2845,4,1600,0.3822,0,100,100,gt_based,0,,0,,514.51625,390.783125
254,0.37,0.46625,0.31,0.41875,0.5226063829787234,0.569351230425056,0.279375,0.3625,0.07376395534290271,0.39502529510961215,2026-04-04T19:06:43,0.3059,4,752,0.5649,0.3625,3,1600,0.4357,0,100,100,gt_based,0,,0,,535.21625,425.8525
255,0.28,0.3891687657430731,0.25,0.34634760705289674,0.4226190476190476,0.5814260563380281,0.1775,0.27148929471032746,0.051963893632593315,0.3053579895685159,2026-04-04T19:14:08,0.2335,5,672,0.5141,0.2695,11,1600,0.3932,0,100,100,gt_based,0,,0,,566.8225,440.2525
256,0.27,0.39375,0.28,0.39,0.45555555555555555,0.5432412790697675,0.215,0.30109375,0.08360745614035088,0.2757601351351351,2026-04-04T19:20:41,0.2694,4,720,0.4864,0.3011,9,1600,0.413,0,100,100,gt_based,0,,0,,529.5625,424.114375
257,0.32,0.464735516372796,0.34,0.44962216624685136,0.5170454545454546,0.6357230392156863,0.255,0.351227959697733,0.10174514323345407,0.25544437904649797,2026-04-04T19:28:09,0.3379,3,704,0.5864,0.3486,5,1600,0.4315,0,100,100,gt_based,0,,0,,510.68,414.285
258,0.32,0.4375,0.31,0.4025,0.42154255319148937,0.5484567901234568,0.253125,0.337734375,0.08599636269160821,0.3382266588373458,2026-04-04T19:35:53,0.2085,3,752,0.5899,0.3377,6,1600,0.4272,0,100,100,gt_based,0,,0,,512.04625,438.078125
259,0.23,0.345,0.22,0.30125,0.4431818181818182,0.5957397003745318,0.166875,0.238671875,0.1073425270219903,0.3630274614869391,2026-04-04T19:42:43,0.1904,2,528,0.5727,0.2387,12,1600,0.3797,0,100,100,gt_based,0,,0,,496.04,478.62
260,0.3,0.4075,0.29,0.38125,0.5550595238095238,0.6610169491525424,0.22125,0.304765625,0.06885593220338983,0.3337765957446809,2026-04-04T19:49:07,0.3637,3,672,0.4867,0.3048,3,1600,0.4163,0,100,100,gt_based,0,,0,,503.781875,445.9675
261,0.29,0.4256926952141058,0.25,0.3589420654911839,0.47301136363636365,0.6262829912023461,0.213125,0.30628148614609574,0.1011144332699103,0.361672146547675,2026-04-04T19:56:49,0.2912,3,704,0.5511,0.3115,10,1600,0.411,0,100,100,gt_based,0,,0,,526.4475,485.481875
262,0.3,0.3866498740554156,0.25,0.3702770780856423,0.48323170731707316,0.5686751497005988,0.20875,0.2936870277078086,0.09841479524438573,0.257532956685499,2026-04-04T20:04:39,0.3137,1,656,0.5535,0.2915,9,1600,0.4094,0,100,100,gt_based,0,,0,,523.614375,483.93125
263,0.22,0.3725,0.19,0.31875,0.4678030303030303,0.5176841085271318,0.16125,0.268828125,0.09002944888514935,0.3674729799279465,2026-04-04T20:11:55,0.2299,3,528,0.5129,0.2688,3,1600,0.3777,0,100,100,gt_based,0,,0,,496.94375,464.996875
264,0.32,0.43,0.3,0.44375,0.5888888888888889,0.6624064837905237,0.250625,0.348984375,0.074000791452315,0.4113310050446255,2026-04-04T20:19:28,0.3359,3,720,0.5406,0.349,0,1600,0.4275,0,100,100,gt_based,0,,0,,491.805,469.545
265,0.22,0.3425,0.21,0.33375,0.46959459459459457,0.6085251046025104,0.149375,0.254765625,0.1411969785008716,0.3087035358114234,2026-04-04T20:26:49,0.254,1,592,0.5742,0.2548,5,1600,0.3786,0,100,100,gt_based,0,,0,,534.39125,479.699375
266,0.33,0.4949874686716792,0.31,0.4323308270676692,0.4222222222222222,0.46821732954545453,0.22,0.33654448621553884,0.06283460129613976,0.26507054296708,2026-04-04T20:34:09,0.2888,3,720,0.5001,0.3379,4,1600,0.4221,0,100,100,gt_based,0,,0,,512.121875,499.4125
267,0.21,0.38,0.2,0.35625,0.5040322580645161,0.5871212121212122,0.165,0.291875,0.12482269503546099,0.30432060112711334,2026-04-04T20:41:50,0.2685,0,496,0.6062,0.2919,6,1600,0.3945,0,100,100,gt_based,0,,0,,505.466875,505.96375
268,0.25,0.34625,0.23,0.32375,0.46452702702702703,0.5469298245614035,0.178125,0.252421875,0.10953697304768487,0.26114965312190286,2026-04-04T20:49:22,0.2669,7,592,0.5822,0.2524,7,1600,0.3835,0,100,100,gt_based,0,,0,,540.22375,516.745
269,0.33,0.44625,0.24,0.35125,0.5144230769230769,0.6541398713826366,0.194375,0.296328125,0.06688524590163934,0.26200204290091933,2026-04-04T20:56:28,0.3606,4,624,0.526,0.2963,10,1600,0.4032,0,100,100,gt_based,0,,0,,512.036875,501.494375
270,0.24,0.42625,0.25,0.3825,0.5130813953488372,0.6073971518987342,0.1975,0.31234375,0.12797992471769135,0.41751085383502173,2026-04-04T21:04:09,0.2763,6,688,0.5063,0.3123,6,1600,0.3999,0,100,100,gt_based,0,,0,,491.195625,519.388125
271,0.32,0.4175,0.3,0.3925,0.5522959183673469,0.6797385620915033,0.286875,0.35515625,0.17113335485954148,0.24964336661911557,2026-04-04T21:11:56,0.3664,0,784,0.5879,0.3552,6,1600,0.4407,0,100,100,gt_based,0,,0,,487.134375,505.85625
272,0.33,0.4592220828105395,0.29,0.4341279799247177,0.5305232558139535,0.6372126436781609,0.2175,0.3280269761606023,0.08204956463496316,0.2828035859820701,2026-04-04T21:19:15,0.3465,2,688,0.5242,0.3278,7,1600,0.4057,0,100,100,gt_based,0,,0,,493.463125,506.406875
273,0.28,0.41375,0.21,0.33625,0.4878048780487805,0.5648016997167139,0.220625,0.331328125,0.10137581462708183,0.3403643336529243,2026-04-04T21:27:11,0.2502,2,656,0.5636,0.3313,7,1600,0.422,0,100,100,gt_based,0,,0,,521.038125,510.156875
274,0.28,0.39125,0.3,0.375,0.5386904761904762,0.6655092592592593,0.23625,0.31828125,0.08133086876155268,0.31765882941470736,2026-04-04T21:35:05,0.3377,4,672,0.5664,0.3183,7,1600,0.4224,0,100,100,gt_based,0,,0,,499.209375,479.259375
275,0.33,0.4475,0.29,0.44125,0.5724431818181818,0.6917279411764706,0.2125,0.313984375,0.06554730384242816,0.3204987165383205,2026-04-04T22:08:23,0.3857,4,704,0.5109,0.314,9,1600,0.412,0,100,100,gt_based,0,,0,,499.37875,465.363125
276,0.18,0.34125,0.18,0.31,0.471875,0.5869661921708185,0.175625,0.258203125,0.15905743740795286,0.388250319284802,2026-04-04T22:15:04,0.2094,1,640,0.5426,0.2582,4,1600,0.3907,0,100,100,gt_based,0,,0,,505.878125,486.705
277,0.19,0.29875,0.22,0.32,0.4797794117647059,0.5861988847583643,0.168125,0.249296875,0.07701193685021178,0.3876871880199667,2026-04-04T22:22:27,0.2418,1,544,0.5174,0.2493,6,1600,0.3819,0,100,100,gt_based,0,,0,,517.9975,503.693125
278,0.34,0.4625,0.3,0.4,0.5815217391304348,0.6471321695760599,0.250625,0.321875,0.08966861598440545,0.31520572450805007,2026-04-04T22:29:25,0.4028,3,736,0.5084,0.3219,6,1600,0.4245,0,100,100,gt_based,0,,0,,506.08125,503.735625
279,0.27,0.3825,0.24,0.335,0.4603658536585366,0.5658003300330033,0.189375,0.267578125,0.14163090128755365,0.34417092429168605,2026-04-04T22:37:33,0.2368,5,656,0.505,0.2676,8,1600,0.3963,0,100,100,gt_based,0,,0,,547.855625,496.868125
280,0.21,0.3483709273182957,0.2,0.32456140350877194,0.42948717948717946,0.5326557093425606,0.180625,0.2725563909774436,0.09256538348516015,0.4460909555442003,2026-04-04T22:44:43,0.195,4,624,0.5021,0.2744,7,1600,0.3984,0,100,100,gt_based,0,,0,,516.8775,497.185625
281,0.22,0.3225,0.27,0.35125,0.45,0.5766616314199395,0.206875,0.284921875,0.08270449743434953,0.3605150214592274,2026-04-04T22:51:19,0.2359,4,640,0.5689,0.2849,8,1600,0.4036,0,100,100,gt_based,0,,0,,491.588125,475.1025
282,0.31,0.4273182957393484,0.27,0.39348370927318294,0.49702380952380953,0.5978180473372781,0.21125,0.31719924812030076,0.08121827411167512,0.354470802919708,2026-04-04T22:59:14,0.2809,5,672,0.5975,0.3186,6,1600,0.4118,0,100,100,gt_based,0,,0,,502.17875,464.8125
283,0.29,0.40628930817610065,0.22,0.3471698113207547,0.46279761904761907,0.5593657817109144,0.211875,0.3151729559748428,0.09219422249539029,0.36788813886210225,2026-04-04T23:06:01,0.2648,3,672,0.4651,0.3144,6,1600,0.4176,0,100,100,gt_based,0,,0,,500.783125,442.6575
284,0.26,0.38375,0.25,0.35625,0.5046875,0.6251750700280112,0.223125,0.31109375,0.08413739868776535,0.38564790913784197,2026-04-04T23:13:28,0.2585,1,640,0.5938,0.3111,5,1600,0.4186,0,100,100,gt_based,0,,0,,475.80625,455.365
285,0.32,0.42875,0.25,0.35,0.4956395348837209,0.6538865546218487,0.223125,0.302578125,0.09396170839469808,0.3729615991583377,2026-04-04T23:20:58,0.2397,3,688,0.5989,0.3026,7,1600,0.4168,0,100,100,gt_based,0,,0,,482.6875,478.348125
286,0.27,0.38875,0.25,0.34,0.49320652173913043,0.6685546875,0.2,0.265390625,0.07678661936137861,0.2767527675276753,2026-04-04T23:28:57,0.2873,4,736,0.5461,0.2654,7,1600,0.4037,0,100,100,gt_based,0,,0,,529.15375,500.0225
287,0.24,0.3575,0.22,0.32375,0.47039473684210525,0.5420597484276729,0.19875,0.274296875,0.09125766871165644,0.3090551181102362,2026-04-04T23:35:50,0.2166,2,608,0.5704,0.2743,6,1600,0.4058,0,100,100,gt_based,0,,0,,499.93,524.02625
288,0.42,0.51125,0.34,0.4375,0.4799107142857143,0.5528375733855186,0.319375,0.402109375,0.0644358407079646,0.3191823899371069,2026-04-04T23:43:39,0.2725,4,896,0.5564,0.4021,3,1600,0.4464,0,100,100,gt_based,0,,0,,502.0125,461.31125
289,0.24,0.380050505050505,0.24,0.3522727272727273,0.4659090909090909,0.6295833333333334,0.1875,0.2883522727272727,0.10319351763584365,0.328042328042328,2026-04-04T23:51:07,0.2708,2,704,0.4987,0.2867,5,1600,0.3982,0,100,100,gt_based,0,,0,,509.05125,439.520625
290,0.26,0.38375,0.25,0.3625,0.49184782608695654,0.5741017964071856,0.20875,0.294609375,0.09128065395095368,0.3743664011585808,2026-04-04T23:58:35,0.2587,2,736,0.4914,0.2946,12,1600,0.4108,0,100,100,gt_based,0,,0,,515.435625,438.2875
291,0.25,0.3572327044025157,0.29,0.39119496855345914,0.4375,0.5819759206798867,0.220625,0.3086477987421384,0.10917721518987342,0.3667061611374408,2026-04-05T00:06:07,0.2333,2,656,0.5412,0.3067,1,1600,0.4113,0,100,100,gt_based,0,,0,,502.85125,432.548125
292,0.32,0.42857142857142855,0.25,0.34962406015037595,0.5421195652173914,0.6451072386058981,0.233125,0.31994047619047616,0.096045197740113,0.3928299008390541,2026-04-05T00:13:21,0.2985,2,736,0.5734,0.3215,9,1600,0.4174,0,100,100,gt_based,0,,0,,486.1775,393.810625
293,0.34,0.47547169811320755,0.3,0.40628930817610065,0.53515625,0.6193965517241379,0.271875,0.37562893081761006,0.11334002006018054,0.3072314933675653,2026-04-05T00:20:38,0.2912,6,768,0.5672,0.3746,7,1600,0.4301,0,100,100,gt_based,0,,0,,491.49,373.388125
294,0.3,0.40302267002518893,0.26,0.3224181360201511,0.490625,0.6048259493670886,0.1975,0.2735358942065491,0.08936970837253057,0.28370927318295736,2026-04-05T00:27:34,0.2975,3,640,0.5754,0.2715,8,1600,0.4037,0,100,100,gt_based,0,,0,,491.59375,406.111875
295,0.29,0.41625,0.23,0.345,0.5986842105263158,0.681657223796034,0.220625,0.306171875,0.12866368604073522,0.3846153846153846,2026-04-05T00:35:23,0.3437,1,608,0.5834,0.3062,5,1600,0.4115,0,100,100,gt_based,0,,0,,511.128125,375.463125
296,0.3,0.40625,0.24,0.3575,0.5289634146341463,0.6128003003003003,0.208125,0.29921875,0.06558533145275035,0.3276157804459692,2026-04-05T00:42:51,0.2906,2,656,0.5625,0.2992,7,1600,0.4067,0,100,100,gt_based,0,,0,,504.373125,397.529375
297,0.23,0.35125,0.26,0.3475,0.3569078947368421,0.4513101983002833,0.220625,0.296484375,0.10124395300621976,0.21753794266441817,2026-04-05T00:50:51,0.1869,5,608,0.5345,0.2965,9,1600,0.4186,0,100,100,gt_based,0,,0,,506.78875,437.226875
298,0.35,0.46875,0.29,0.405,0.4362980769230769,0.5192857142857142,0.21875,0.325078125,0.08962868117797695,0.2828816920026438,2026-04-05T00:58:11,0.2263,4,832,0.5225,0.3251,9,1600,0.4141,0,100,100,gt_based,0,,0,,470.52875,387.0475
299,0.22,0.3275,0.19,0.295,0.5257352941176471,0.5703431372549019,0.159375,0.240859375,0.06728734659331359,0.3560371517027864,2026-04-05T01:04:53,0.3375,4,544,0.4939,0.2409,11,1600,0.3786,0,100,100,gt_based,0,,0,,487.316875,409.97375
300,0.33,0.4461343472750317,0.28,0.37896070975918883,0.5328125,0.602088948787062,0.231875,0.3107572877059569,0.0669029685423128,0.39423546653639474,2026-04-05T01:37:21,0.3208,6,640,0.5477,0.3137,3,1600,0.4156,0,100,100,gt_based,0,,0,,514.205,398.28875
301,0.27,0.3836477987421384,0.22,0.3119496855345912,0.5198170731707317,0.597809667673716,0.206875,0.2971698113207547,0.08853615520282188,0.3247357293868922,2026-04-05T01:44:52,0.321,2,656,0.5586,0.2957,5,1600,0.4086,0,100,100,gt_based,0,,0,,481.6725,393.6325
302,0.25,0.3325,0.23,0.29125,0.5282258064516129,0.614990234375,0.16,0.232578125,0.08608949416342412,0.27410313901345296,2026-04-05T01:52:37,0.3239,1,496,0.5723,0.2326,5,1600,0.3757,0,100,100,gt_based,0,,0,,523.791875,409.3325
303,0.32,0.41635220125786165,0.28,0.37735849056603776,0.45170454545454547,0.5778301886792453,0.19875,0.285062893081761,0.05859774820880246,0.37830687830687826,2026-04-05T02:00:23,0.2438,7,704,0.4566,0.2837,8,1600,0.4066,0,100,100,gt_based,0,,0,,535.49375,404.473125
304,0.29,0.4125,0.27,0.39625,0.5580357142857143,0.6495786516853933,0.2225,0.325234375,0.08435072142064373,0.33191670208244795,2026-04-05T02:08:15,0.3435,1,672,0.4932,0.3252,6,1600,0.4203,0,100,100,gt_based,0,,0,,500.96375,384.858125
305,0.39,0.49875,0.34,0.46875,0.56640625,0.6523085585585585,0.2775,0.369375,0.06210078069552875,0.2827557058326289,2026-04-05T02:15:07,0.3988,2,768,0.5303,0.3694,5,1600,0.4378,0,100,100,gt_based,0,,0,,483.893125,405.245
306,0.3,0.4025,0.3,0.39,0.5729166666666666,0.6611280487804878,0.25625,0.331484375,0.08863025962399283,0.40806945863125643,2026-04-05T02:21:52,0.317,0,672,0.5636,0.3315,9,1600,0.4268,0,100,100,gt_based,0,,0,,487.918125,413.841875
307,0.24,0.39125,0.26,0.3775,0.5342261904761905,0.6561507936507937,0.196875,0.309375,0.054617980975759435,0.273542600896861,2026-04-05T02:27:59,0.3158,2,672,0.5023,0.3094,6,1600,0.4067,0,100,100,gt_based,0,,0,,485.30125,402.63875
308,0.3,0.4,0.29,0.38125,0.48828125,0.5957848837209302,0.26875,0.352734375,0.09366715758468336,0.5712866368604074,2026-04-05T02:35:43,0.2236,8,768,0.5559,0.3527,4,1600,0.4425,0,100,100,gt_based,0,,0,,507.19875,420.52875
309,0.3,0.4325,0.29,0.41625,0.5608108108108109,0.6411411411411412,0.208125,0.317265625,0.08701854493580599,0.3596276335129839,2026-04-05T02:43:29,0.3331,1,592,0.5373,0.3173,6,1600,0.4097,0,100,100,gt_based,0,,0,,509.1875,440.31
310,0.26,0.36875,0.19,0.29375,0.4142857142857143,0.5863095238095238,0.170625,0.2521875,0.09387755102040816,0.2743425728500355,2026-04-05T02:49:50,0.2582,3,560,0.5721,0.2522,5,1600,0.3821,0,100,100,gt_based,0,,0,,481.954375,410.956875
311,0.3,0.39875,0.27,0.355,0.5392441860465116,0.5938333333333333,0.234375,0.311015625,0.1043956043956044,0.43089430894308944,2026-04-05T02:57:17,0.2679,3,688,0.5468,0.311,7,1600,0.422,0,100,100,gt_based,0,,0,,481.509375,435.868125
312,0.33,0.4425,0.26,0.3275,0.44625,0.5808011049723757,0.22625,0.302890625,0.045236013986013984,0.23643092105263153,2026-04-05T03:05:17,0.3172,8,800,0.4932,0.3029,5,1600,0.4211,0,100,100,gt_based,0,,0,,508.53125,455.689375
313,0.26,0.3525,0.25,0.335,0.47560975609756095,0.5809701492537314,0.209375,0.28359375,0.08325389259612329,0.3167420814479638,2026-04-05T03:12:58,0.2864,3,656,0.5486,0.2836,5,1600,0.4096,0,100,100,gt_based,0,,0,,488.5725,455.6
314,0.29,0.4275,0.24,0.32375,0.4211309523809524,0.5283333333333333,0.1875,0.27203125,0.04894179894179894,0.3126151012891344,2026-04-05T03:20:40,0.2394,6,672,0.4773,0.272,12,1600,0.394,0,100,100,gt_based,0,,0,,508.976875,537.0475
315,0.29,0.3925,0.28,0.39,0.5421875,0.6327903682719547,0.220625,0.310234375,0.13058963197467352,0.3961259079903148,2026-04-05T03:27:42,0.3306,3,640,0.5429,0.3102,8,1600,0.4102,0,100,100,gt_based,0,,0,,486.67,478.2525
316,0.29,0.41729323308270677,0.23,0.32456140350877194,0.4771341463414634,0.5663807189542484,0.19125,0.2949561403508772,0.10598656078191815,0.2773000859845228,2026-04-05T03:35:22,0.2936,1,656,0.551,0.2952,7,1600,0.4096,0,100,100,gt_based,0,,0,,481.196875,498.211875
317,0.28,0.41625,0.22,0.34,0.4694767441860465,0.5676813471502591,0.24125,0.345390625,0.0725946509204585,0.3635432667690732,2026-04-05T03:43:12,0.2682,5,688,0.613,0.3454,8,1600,0.4292,0,100,100,gt_based,0,,0,,492.221875,479.951875
318,0.31,0.45,0.27,0.41875,0.47674418604651164,0.5738333333333333,0.234375,0.3346875,0.14398897692042714,0.26650831353919235,2026-04-05T03:50:50,0.2481,1,688,0.5744,0.3347,6,1600,0.4241,0,100,100,gt_based,0,,0,,473.8625,459.07625
319,0.31,0.4166666666666667,0.29,0.39646464646464646,0.48255813953488375,0.5619973190348525,0.233125,0.3262310606060606,0.09003957783641162,0.4277888446215139,2026-04-05T03:58:26,0.2839,7,688,0.4944,0.3314,6,1600,0.4256,0,100,100,gt_based,0,,0,,486.823125,461.03625
320,0.34,0.43125,0.29,0.395,0.5583333333333333,0.6445405727923628,0.261875,0.34703125,0.06215316315205328,0.46190250828206336,2026-04-05T04:06:26,0.332,2,720,0.6058,0.347,4,1600,0.4302,0,100,100,gt_based,0,,0,,458.846875,443.9875
321,0.28,0.43625,0.26,0.3725,0.5677083333333334,0.6622844827586207,0.18125,0.274765625,0.09590849098108227,0.3630047763786366,2026-04-05T04:14:15,0.3431,0,576,0.5361,0.2748,10,1600,0.3977,0,100,100,gt_based,0,,0,,473.4075,466.145625
322,0.22,0.3625,0.22,0.3425,0.5477941176470589,0.720371972318339,0.180625,0.271875,0.11452408039438756,0.33333333333333337,2026-04-05T04:21:57,0.3153,2,544,0.5981,0.2719,6,1600,0.3956,0,100,100,gt_based,0,,0,,489.18625,450.155625
323,0.32,0.45125,0.29,0.42125,0.4904891304347826,0.6415847665847666,0.254375,0.35703125,0.07668539325842696,0.36737089201877937,2026-04-05T04:29:19,0.2889,3,736,0.5294,0.357,8,1600,0.4322,0,100,100,gt_based,0,,0,,484.15875,435.380625
324,0.25,0.36809045226130654,0.29,0.36809045226130654,0.543918918918919,0.6292279411764706,0.2125,0.30394158291457285,0.05475251861585633,0.3276157804459692,2026-04-05T04:35:55,0.3522,2,592,0.5523,0.3068,3,1600,0.4138,0,100,100,gt_based,0,,0,,465.999375,455.509375
325,0.25,0.4,0.26,0.3675,0.4578125,0.565143504531722,0.206875,0.3065625,0.11048158640226628,0.3508771929824561,2026-04-05T05:06:56,0.2277,1,640,0.5284,0.3066,8,1600,0.4099,0,100,100,gt_based,0,,0,,481.645625,492.12
326,0.25,0.36397984886649876,0.26,0.3765743073047859,0.5526315789473685,0.6400075987841946,0.205625,0.30919395465994964,0.0920016576875259,0.4183325207215992,2026-04-05T05:14:22,0.3125,3,608,0.5143,0.3144,10,1600,0.41,0,100,100,gt_based,0,,0,,480.146875,492.37625
327,0.3,0.41457286432160806,0.29,0.39949748743718594,0.5,0.58640625,0.25,0.3204302763819096,0.10462107208872458,0.44048170449282076,2026-04-05T05:22:04,0.1872,4,704,0.5559,0.3208,3,1600,0.4277,0,100,100,gt_based,0,,0,,459.536875,429.024375
328,0.32,0.4575,0.3,0.40125,0.42777777777777776,0.4903975741239892,0.231875,0.346640625,0.06652744630071598,0.26836917562724016,2026-04-05T05:28:12,0.2578,3,720,0.5387,0.3466,5,1600,0.4238,0,100,100,gt_based,0,,0,,473.54875,439.984375
329,0.27,0.44375,0.25,0.415,0.5450581395348837,0.6354166666666666,0.23625,0.351796875,0.0899042004421518,0.3370436331255565,2026-04-05T05:35:46,0.3396,4,688,0.5637,0.3518,6,1600,0.4254,0,100,100,gt_based,0,,0,,481.388125,416.8025
330,0.35,0.4648241206030151,0.3,0.39195979899497485,0.5416666666666666,0.6325757575757576,0.226875,0.31022298994974873,0.08908600077130736,0.30540195661420677,2026-04-05T05:42:13,0.3172,1,672,0.6219,0.3087,4,1600,0.4236,0,100,100,gt_based,0,,0,,458.166875,447.77
331,0.32,0.42355889724310775,0.38,0.462406015037594,0.5760869565217391,0.6977011494252874,0.271875,0.34539473684210525,0.07674597083653108,0.38325791855203617,2026-04-05T05:49:55,0.3395,3,736,0.5259,0.3469,7,1600,0.4386,0,100,100,gt_based,0,,0,,459.38,475.81375
332,0.32,0.4475,0.31,0.42,0.5026595744680851,0.6231527093596059,0.25375,0.359765625,0.18189910979228488,0.4164358264081256,2026-04-05T05:57:15,0.268,4,752,0.5715,0.3598,8,1600,0.4271,0,100,100,gt_based,0,,0,,475.62375,485.28125
333,0.25,0.4125,0.21,0.33875,0.4847972972972973,0.6379237288135593,0.184375,0.295859375,0.09520725388601037,0.3719951923076923,2026-04-05T06:05:07,0.324,3,592,0.5306,0.2959,7,1600,0.3979,0,100,100,gt_based,0,,0,,498.63625,474.931875
334,0.26,0.36875,0.25,0.35,0.5252976190476191,0.6583094555873925,0.218125,0.309296875,0.09626016260162602,0.3831820353559484,2026-04-05T06:11:44,0.2909,3,672,0.493,0.3093,6,1600,0.414,0,100,100,gt_based,0,,0,,481.99125,450.238125
335,0.22,0.38625,0.22,0.325,0.4831081081081081,0.5956811797752809,0.2225,0.319375,0.11956971452213488,0.4297277409860192,2026-04-05T06:18:53,0.2619,2,592,0.6058,0.3194,7,1600,0.4224,0,100,100,gt_based,0,,0,,490.558125,471.101875
336,0.26,0.41125,0.23,0.35625,0.53125,0.6528409090909091,0.20625,0.300859375,0.14560639070442993,0.39075249320036265,2026-04-05T06:25:18,0.2971,1,640,0.5546,0.3009,8,1600,0.4069,0,100,100,gt_based,0,,0,,478.470625,459.22
337,0.33,0.4375,0.31,0.41,0.5464743589743589,0.6093299711815562,0.216875,0.308359375,0.08250539956803456,0.2791686348606519,2026-04-05T06:31:30,0.3959,2,624,0.5238,0.3084,7,1600,0.4196,0,100,100,gt_based,0,,0,,470.61125,455.473125
338,0.25,0.3425,0.21,0.30125,0.4951923076923077,0.5860943775100401,0.155625,0.233125,0.04813939751919669,0.26893649579188983,2026-04-05T06:38:13,0.3153,4,624,0.5393,0.2331,9,1600,0.3817,0,100,100,gt_based,0,,0,,506.713125,480.0325
339,0.24,0.30904522613065327,0.22,0.28391959798994976,0.5,0.5709876543209876,0.151875,0.23288316582914573,0.07580778790389395,0.25291005291005286,2026-04-05T06:45:10,0.323,2,512,0.4985,0.2317,9,1600,0.3704,0,100,100,gt_based,0,,0,,496.0525,486.07875
340,0.33,0.4379746835443038,0.33,0.40632911392405063,0.46683673469387754,0.5913130733944955,0.2725,0.34556962025316457,0.049307479224376734,0.3539325842696629,2026-04-05T06:51:38,0.258,4,784,0.5457,0.345,11,1600,0.4371,0,100,100,gt_based,0,,0,,495.08875,483.484375
341,0.29,0.3925,0.24,0.34125,0.5327380952380952,0.6196192052980133,0.18875,0.274765625,0.12014365001632386,0.3157157857892895,2026-04-05T06:58:42,0.3232,4,672,0.499,0.2748,12,1600,0.394,0,100,100,gt_based,0,,0,,473.284375,475.045625
342,0.34,0.4423558897243108,0.31,0.38847117794486213,0.5757978723404256,0.6524182561307902,0.229375,0.3043546365914787,0.0901909150757077,0.31486226777706594,2026-04-05T07:06:33,0.3572,2,752,0.5376,0.3056,5,1600,0.4206,0,100,100,gt_based,0,,0,,496.2525,472.490625
343,0.3,0.43702770780856426,0.24,0.353904282115869,0.5163690476190477,0.6042888563049853,0.213125,0.30573047858942065,0.0998933522929257,0.29802658074909383,2026-04-05T07:14:18,0.3173,4,672,0.5406,0.3034,6,1600,0.4154,0,100,100,gt_based,0,,0,,483.5725,519.554375
344,0.27,0.3825,0.25,0.34875,0.532051282051282,0.633578431372549,0.223125,0.305703125,0.1348221670802316,0.354908306364617,2026-04-05T07:20:46,0.2995,4,624,0.5829,0.3057,6,1600,0.4139,0,100,100,gt_based,0,,0,,473.7775,494.31625
345,0.29,0.38375,0.28,0.3725,0.5565476190476191,0.6776574803149606,0.238125,0.315234375,0.08983180428134556,0.4549019607843138,2026-04-05T07:27:32,0.3435,0,672,0.5904,0.3152,2,1600,0.418,0,100,100,gt_based,0,,0,,475.111875,508.910625
346,0.3,0.40625,0.27,0.39875,0.4265625,0.5131676557863502,0.210625,0.29828125,0.06372239747634069,0.3843861740166865,2026-04-05T07:35:22,0.1647,2,640,0.5768,0.2983,10,1600,0.4137,0,100,100,gt_based,0,,0,,502.32625,516.37
347,0.26,0.39875,0.26,0.37875,0.5232558139534884,0.6299019607843137,0.19125,0.283046875,0.08759783263094521,0.32007168458781365,2026-04-05T07:42:25,0.3061,1,688,0.5031,0.283,6,1600,0.4046,0,100,100,gt_based,0,,0,,484.63875,525.69875
348,0.29,0.3875,0.24,0.32875,0.5557432432432432,0.655542071197411,0.193125,0.285859375,0.15770609318996415,0.4638501742160279,2026-04-05T07:48:50,0.2048,0,592,0.6019,0.2859,8,1600,0.4062,0,100,100,gt_based,0,,0,,482.35875,560.105625
349,0.26,0.4,0.23,0.3559748427672956,0.5069444444444444,0.6050627240143369,0.174375,0.26635220125786163,0.06134301270417423,0.2779168753129695,2026-04-05T07:56:45,0.3277,4,576,0.533,0.2647,7,1600,0.3956,0,100,100,gt_based,0,,0,,501.105625,541.074375
