step,execution_bon_16x16_acc,execution_bon_16x16_accumulate_acc,execution_bon_4x4_acc,execution_bon_4x4_accumulate_acc,execution_case_acc,execution_case_accumulate_acc,execution_code_acc,execution_code_accumulate_acc,execution_p_00,execution_p_01_as_logged,recorded_at,reward_case_reward_mean,reward_case_reward_num_groups,reward_case_reward_num_samples,reward_case_reward_std,reward_code_reward_mean,reward_code_reward_num_groups,reward_code_reward_num_samples,reward_code_reward_std,reward_gt_correlation_mean_spearman,reward_gt_correlation_n,reward_problems_skipped,reward_problems_total,reward_problems_used,reward_reward_mode,reward_rollout_debug_meta_enabled,reward_rollout_debug_meta_max_problems_per_step,reward_rollout_debug_meta_slots_remaining_after_step,reward_rollout_debug_meta_truncate_chars,sampling_mean_case_response_tokens,sampling_mean_code_response_tokens
0,0.19,0.31875,0.15,0.25125,0.22983870967741934,0.28305555555555556,0.140625,0.2309375,0.03822937625754527,0.3033838973162194,2026-04-03T04:08:53,-0.0292,75,1200,0.4357,0.7834,75,1200,0.3312,0.1254,65.0,25,100,75,self_bootstrap,0,,0,,769.803125,677.820625
1,0.23,0.33039092055485497,0.2,0.2900378310214376,0.15029761904761904,0.21654647435897437,0.195,0.28727931904161413,0.03330049261083744,0.2452554744525547,2026-04-03T04:23:18,-0.0182,70,1120,0.4135,0.7654,70,1120,0.3624,0.0691,59.0,30,100,70,self_bootstrap,0,,0,,799.2875,655.768125
2,0.3,0.36875,0.23,0.28875,0.26,0.2851341807909605,0.22125,0.287734375,0.035357275083302483,0.35409457900807384,2026-04-03T04:36:25,-0.0197,72,1152,0.4521,0.7884,72,1152,0.3351,0.0874,64.0,28,100,72,self_bootstrap,0,,0,,759.04,647.733125
3,0.23,0.3682219419924338,0.22,0.32786885245901637,0.1484375,0.2092551622418879,0.211875,0.3212484237074401,0.014579620929855824,0.37047756874095517,2026-04-03T04:49:12,0.0045,72,1152,0.3821,0.7733,72,1152,0.3494,0.2158,64.0,28,100,72,self_bootstrap,0,,0,,776.295625,641.6775
4,0.28,0.3866498740554156,0.29,0.3413098236775819,0.17732558139534885,0.20977209944751382,0.22625,0.28644521410579343,0.02610487749026792,0.2391048292108363,2026-04-03T05:01:40,-0.0138,74,1184,0.3986,0.7557,74,1184,0.3637,0.1102,60.0,26,100,74,self_bootstrap,0,,0,,787.6575,641.153125
5,0.22,0.34,0.25,0.32875,0.1987179487179487,0.23883161512027493,0.181875,0.275859375,0.026285973260820304,0.18797814207650276,2026-04-03T05:14:34,-0.0426,74,1184,0.3943,0.8019,74,1184,0.3419,0.1002,62.0,26,100,74,self_bootstrap,0,,0,,806.879375,659.41625
6,0.27,0.345,0.21,0.27625,0.20833333333333334,0.26457597173144876,0.176875,0.24828125,0.027333677153171736,0.20493827160493827,2026-04-03T05:27:35,0.0012,65,1040,0.3933,0.7729,65,1040,0.3556,0.1831,51.0,35,100,65,self_bootstrap,0,,0,,769.55,668.44
7,0.25,0.36125,0.23,0.33,0.2015625,0.23781446540880502,0.19875,0.2809375,0.03290719696969697,0.4051724137931034,2026-04-03T05:40:26,-0.0009,76,1216,0.4065,0.7663,76,1216,0.3554,0.1461,64.0,24,100,76,self_bootstrap,0,,0,,760.648125,668.54625
8,0.23,0.35125,0.21,0.29875,0.15029761904761904,0.20373134328358208,0.209375,0.290390625,0.018541409147095178,0.31226765799256506,2026-04-03T05:53:35,-0.0181,74,1184,0.3717,0.8029,74,1184,0.3362,0.1531,58.0,26,100,74,self_bootstrap,0,,0,,764.370625,658.300625
9,0.35,0.449874686716792,0.3,0.36215538847117795,0.171875,0.21844211822660098,0.25375,0.32980889724310775,0.018944519621109608,0.23451327433628322,2026-04-03T06:06:44,-0.0043,70,1120,0.3889,0.7668,70,1120,0.3655,0.1766,64.0,30,100,70,self_bootstrap,0,,0,,759.495,658.356875
10,0.26,0.3925,0.24,0.37,0.13953488372093023,0.16797994269340974,0.218125,0.313671875,0.01912568306010929,0.32432432432432434,2026-04-03T06:19:34,-0.0089,71,1136,0.3651,0.7868,71,1136,0.3592,0.101,63.0,29,100,71,self_bootstrap,0,,0,,778.41,667.816875
11,0.29,0.3675,0.28,0.35,0.08333333333333333,0.0960014409221902,0.216875,0.28671875,0.01599663228793938,0.26280623608017817,2026-04-03T06:32:28,-0.0492,69,1104,0.3333,0.7804,69,1104,0.3688,-0.0258,55.0,31,100,69,self_bootstrap,0,,0,,762.573125,636.8775
12,0.27,0.36397984886649876,0.23,0.31738035264483627,0.06976744186046512,0.0841565349544073,0.205625,0.29526133501259444,0.015017833677492022,0.2541966426858513,2026-04-03T06:45:10,-0.0487,60,960,0.3352,0.7968,60,960,0.3581,0.0781,48.0,40,100,60,self_bootstrap,0,,0,,760.565,661.00375
13,0.24,0.3542713567839196,0.22,0.30904522613065327,0.09722222222222222,0.12298387096774194,0.213125,0.29004396984924624,0.008441091954022989,0.32258064516129037,2026-04-03T06:57:26,-0.0099,58,928,0.328,0.7684,58,928,0.3875,0.1589,47.0,42,100,58,self_bootstrap,0,,0,,742.70875,656.81625
14,0.28,0.39875,0.27,0.38,0.07125,0.10138539042821158,0.248125,0.347109375,0.009452411994784877,0.2948717948717948,2026-04-03T07:09:24,0.0031,52,832,0.3183,0.7744,52,832,0.3788,0.2605,45.0,48,100,52,self_bootstrap,0,,0,,740.165625,655.61125
15,0.22,0.345,0.18,0.27,0.054276315789473686,0.06548804780876494,0.156875,0.24546875,0.005141388174807198,0.3308270676691729,2026-04-03T07:20:43,-0.0278,51,816,0.2873,0.8027,51,816,0.3635,0.0653,44.0,49,100,51,self_bootstrap,0,,0,,829.35125,676.919375
16,0.32,0.4075,0.29,0.36625,0.0525,0.05788177339901478,0.25375,0.32671875,0.007850342408551862,0.25867507886435326,2026-04-03T07:32:17,-0.0376,42,672,0.2808,0.8402,42,672,0.3418,0.0534,38.0,58,100,42,self_bootstrap,0,,0,,798.681875,642.89
17,0.3,0.41125,0.23,0.3,0.03676470588235294,0.046785714285714285,0.21875,0.301953125,0.003740648379052369,0.2184873949579832,2026-04-03T07:43:02,-0.0447,42,672,0.2828,0.8173,42,672,0.3578,-0.2131,34.0,58,100,42,self_bootstrap,0,,0,,763.8075,632.056875
18,0.25,0.34125,0.22,0.2825,0.025297619047619048,0.03159153005464481,0.22875,0.300625,0.0031380753138075313,0.06896551724137934,2026-04-03T07:53:37,-0.0068,30,480,0.2776,0.8074,30,480,0.38,0.2932,26.0,70,100,30,self_bootstrap,0,,0,,769.91125,660.3375
19,0.17,0.28,0.17,0.27,0.0125,0.016121031746031748,0.1575,0.247421875,0.0,0.36170212765957444,2026-04-03T08:03:35,-0.0385,26,416,0.3009,0.7985,26,416,0.3781,0.0234,23.0,74,100,26,self_bootstrap,0,,0,,785.49,696.34625
20,0.2,0.2825,0.21,0.28375,0.01744186046511628,0.03033387622149837,0.191875,0.283984375,0.0029771749917300696,0.5800000000000001,2026-04-03T08:13:51,-0.0452,25,400,0.2868,0.8566,25,400,0.335,0.1012,18.0,75,100,25,self_bootstrap,0,,0,,829.7325,674.589375
21,0.26,0.3634085213032581,0.26,0.3609022556390977,0.01278409090909091,0.015046296296296295,0.23625,0.33168859649122806,0.0003878975950349108,0.35,2026-04-03T08:23:47,-0.0082,18,288,0.2578,0.8382,18,288,0.3454,0.172,14.0,82,100,18,self_bootstrap,0,,0,,791.693125,627.513125
22,0.15,0.26875,0.15,0.255,0.05580357142857143,0.08341942148760331,0.15125,0.24890625,0.0006216972334473111,0.5949367088607596,2026-04-03T08:33:22,-0.0043,30,480,0.2991,0.8251,30,480,0.373,0.109,24.0,70,100,30,self_bootstrap,0,,0,,795.75625,673.5
23,0.27,0.3575,0.24,0.29625,0.05397727272727273,0.07871037463976946,0.216875,0.298203125,0.0030752532561505066,0.20108695652173914,2026-04-03T08:43:29,-0.0319,46,736,0.297,0.8127,46,736,0.3676,-0.0131,40.0,54,100,46,self_bootstrap,0,,0,,814.2875,667.5425
24,0.2,0.2875,0.22,0.285,0.010135135135135136,0.015727124183006536,0.19125,0.274140625,0.004169409699363616,0.1578947368421053,2026-04-03T08:54:55,-0.0243,26,416,0.2839,0.8183,26,416,0.3804,0.0554,20.0,74,100,26,self_bootstrap,0,,0,,862.434375,648.266875
25,0.2,0.30625,0.17,0.25625,0.029513888888888888,0.037037037037037035,0.185625,0.26453125,0.005049345880192793,0.4299065420560748,2026-04-03T09:29:15,-0.0429,35,560,0.2746,0.8187,35,560,0.3797,0.0427,32.0,65,100,35,self_bootstrap,0,,0,,781.0075,662.06
26,0.26,0.3625,0.24,0.34,0.017663043478260868,0.023928571428571428,0.21875,0.318828125,0.0067246186649171725,0.16455696202531644,2026-04-03T09:39:19,-0.0274,35,560,0.2672,0.8035,35,560,0.3806,0.0978,30.0,65,100,35,self_bootstrap,0,,0,,886.4075,654.384375
27,0.29,0.3669609079445145,0.29,0.3656998738965952,0.03260869565217391,0.04349226804123711,0.2425,0.323218789407314,0.001650467632495874,0.26086956521739135,2026-04-03T09:49:31,0.0112,19,304,0.3143,0.7285,19,304,0.4253,0.4988,17.0,81,100,19,self_bootstrap,0,,0,,762.735,610.005625
28,0.16,0.29773869346733667,0.14,0.2701005025125628,0.030303030303030304,0.022321428571428572,0.14,0.25274811557788945,0.00149508756941478,0.05494505494505497,2026-04-03T09:59:07,-0.0538,16,256,0.3,0.8012,16,256,0.3851,-0.1573,15.0,84,100,16,self_bootstrap,0,,0,,857.62125,661.97875
29,0.25,0.33208020050125314,0.21,0.30451127819548873,0.019736842105263157,0.03045886075949367,0.1975,0.26707393483709274,0.001080613788631943,0.3111111111111111,2026-04-03T10:08:25,-0.0123,19,304,0.2579,0.8365,19,304,0.3597,0.2002,17.0,81,100,19,self_bootstrap,0,,0,,794.186875,663.038125
30,0.19,0.31375,0.18,0.31125,0.005067567567567568,0.004744224422442244,0.189375,0.3028125,0.0045701849836779105,0.06896551724137934,2026-04-03T10:17:39,-0.0619,14,224,0.277,0.8065,14,224,0.388,-0.2569,12.0,86,100,14,self_bootstrap,0,,0,,844.540625,675.233125
31,0.23,0.3125,0.24,0.3225,0.0,0.0004032258064516129,0.19375,0.265078125,0.0020833333333333333,1.0,2026-04-03T10:26:59,-0.0733,4,64,0.2522,0.8438,4,64,0.3631,0.1274,4.0,96,100,4,self_bootstrap,0,,0,,775.47625,645.55
32,0.24,0.30125,0.25,0.3125,0.0026595744680851063,0.004278728606356968,0.255625,0.32625,0.0007293946024799417,0.0,2026-04-03T10:35:17,-0.0671,8,128,0.2744,0.9141,8,128,0.2803,0.6585,3.0,92,100,8,self_bootstrap,0,,0,,731.96625,614.63625
33,0.15,0.21875,0.13,0.1925,0.011513157894736841,0.0046875,0.175,0.250625,0.0009695559433779329,0.19780219780219777,2026-04-03T10:44:19,-0.0695,13,208,0.2968,0.8743,13,208,0.3243,0.0587,9.0,87,100,13,self_bootstrap,0,,0,,822.918125,713.409375
34,0.19,0.285,0.19,0.27875,0.014204545454545454,0.01590616966580977,0.243125,0.31859375,0.0002008435428800964,0.2786885245901639,2026-04-03T10:53:38,-0.0167,18,288,0.248,0.875,18,288,0.3281,0.3335,12.0,82,100,18,self_bootstrap,0,,0,,781.43125,675.100625
35,0.15,0.27044025157232704,0.15,0.26540880503144654,0.019230769230769232,0.03230574324324324,0.185,0.2658805031446541,0.0007689350249903883,0.3695652173913043,2026-04-03T11:03:11,-0.0436,16,256,0.2869,0.8218,16,256,0.3762,0.071,10.0,84,100,16,self_bootstrap,0,,0,,847.435625,668.145
36,0.28,0.32456140350877194,0.27,0.32456140350877194,0.00125,0.003711401425178147,0.263125,0.33521303258145363,0.0003301419610432486,0.0,2026-04-03T11:12:15,-0.061,16,256,0.2697,0.8511,16,256,0.337,0.1005,13.0,84,100,16,self_bootstrap,0,,0,,798.424375,617.020625
37,0.22,0.31125,0.22,0.30875,0.009615384615384616,0.01835029069767442,0.215,0.300390625,0.0008934554389099843,0.0,2026-04-03T11:21:08,-0.0551,9,144,0.2992,0.7778,9,144,0.3943,0.0088,7.0,91,100,9,self_bootstrap,0,,0,,762.750625,634.42375
38,0.21,0.28875,0.21,0.2925,0.00510204081632653,0.00564868804664723,0.214375,0.294375,0.0009971509971509972,0.2777777777777778,2026-04-03T11:29:20,-0.0822,11,176,0.2709,0.8761,11,176,0.3153,-0.1307,6.0,89,100,11,self_bootstrap,0,,0,,756.88625,629.885625
39,0.18,0.3,0.18,0.30125,0.009722222222222222,0.019637462235649546,0.206875,0.29828125,0.0,0.09999999999999998,2026-04-03T11:38:12,0.0089,8,128,0.3141,0.8125,8,128,0.3903,0.236,6.0,92,100,8,self_bootstrap,0,,0,,817.25875,622.679375
40,0.18,0.27625,0.18,0.26875,0.00641025641025641,0.0066254416961130744,0.176875,0.274609375,0.0,0.5588235294117647,2026-04-03T11:47:02,0.0872,2,32,0.2714,0.75,2,32,0.4146,0.7993,2.0,98,100,2,self_bootstrap,0,,0,,843.2225,665.206875
41,0.24,0.3358395989974937,0.23,0.3258145363408521,0.009308510638297872,0.016327247191011238,0.2225,0.31414473684210525,0.0004755865567533291,0.3928571428571429,2026-04-03T11:55:08,-0.0321,9,144,0.258,0.7854,9,144,0.4047,0.0684,8.0,91,100,9,self_bootstrap,0,,0,,830.90375,644.766875
42,0.22,0.27608142493638677,0.2,0.24936386768447838,0.016666666666666666,0.024566473988439308,0.21625,0.28530534351145037,0.0010130001688333614,0.06557377049180324,2026-04-03T12:03:24,0.0195,16,256,0.2677,0.7266,16,256,0.4457,0.3754,14.0,84,100,16,self_bootstrap,0,,0,,788.325625,617.818125
43,0.23,0.32875,0.23,0.31875,0.0046875,0.009712837837837838,0.185,0.275234375,0.0,1.0,2026-04-03T12:12:31,-0.0545,14,224,0.2397,0.897,14,224,0.294,-0.2166,8.0,86,100,14,self_bootstrap,0,,0,,850.914375,659.64125
44,0.23,0.30625,0.24,0.30125,0.009722222222222222,0.01146356783919598,0.24875,0.30890625,0.0009778994719342852,0.0,2026-04-03T12:21:49,-0.0711,8,128,0.2758,0.9089,8,128,0.2848,-0.1204,7.0,92,100,8,self_bootstrap,0,,0,,769.25125,653.581875
45,0.21,0.28085642317380355,0.2,0.2682619647355164,0.006648936170212766,0.009977409638554216,0.2075,0.2848709068010076,0.0005985335926978902,0.18918918918918914,2026-04-03T12:30:16,-0.0343,10,160,0.2271,0.8688,10,160,0.3218,-0.1027,9.0,90,100,10,self_bootstrap,0,,0,,799.7775,644.06875
46,0.17,0.23,0.18,0.23875,0.0014534883720930232,0.0009889240506329115,0.1975,0.2621875,0.000504965494024575,1.0,2026-04-03T12:39:04,-0.0592,5,80,0.23,0.925,5,80,0.2634,0.2596,3.0,95,100,5,self_bootstrap,0,,0,,770.38875,655.74875
47,0.3,0.3895939086294416,0.29,0.37944162436548223,0.005,0.007158590308370044,0.28375,0.3489054568527919,0.00018171906232963838,0.12121212121212122,2026-04-03T12:47:31,-0.0072,8,128,0.2826,0.879,8,128,0.3021,0.1374,6.0,92,100,8,self_bootstrap,0,,0,,756.3925,627.779375
48,0.21,0.2851758793969849,0.21,0.28015075376884424,0.0013020833333333333,0.00033875338753387534,0.230625,0.29954459798994976,0.00141287284144427,0.0714285714285714,2026-04-03T12:55:42,-0.0674,9,144,0.247,0.8611,9,144,0.3458,-0.3488,5.0,91,100,9,self_bootstrap,0,,0,,731.720625,606.056875
49,0.19,0.27,0.19,0.2675,0.0015625,0.0032258064516129032,0.19375,0.271328125,0.0007575757575757576,1.0,2026-04-03T13:04:19,-0.082,5,80,0.266,0.8913,5,80,0.2909,0.4633,4.0,95,100,5,self_bootstrap,0,,0,,735.80125,617.60875
50,0.28,0.34711779448621555,0.28,0.34711779448621555,0.003472222222222222,0.002858627858627859,0.300625,0.36387844611528825,0.0,0.46153846153846156,2026-04-03T13:35:45,-0.0174,4,64,0.2681,0.8438,4,64,0.3631,0.046,3.0,96,100,4,self_bootstrap,0,,0,,747.4075,607.041875
51,0.17,0.23875,0.16,0.23625,0.001893939393939394,0.0012550200803212851,0.155625,0.236015625,0.003143947900291938,0.0,2026-04-03T13:44:23,0.0003,2,32,0.239,0.7812,2,32,0.4134,-0.4984,2.0,98,100,2,self_bootstrap,0,,0,,775.9225,657.92875
52,0.24,0.33458646616541354,0.24,0.32706766917293234,0.004934210526315789,0.00541907514450867,0.21625,0.3068609022556391,0.0,0.4444444444444444,2026-04-03T13:52:40,-0.0369,7,112,0.2927,0.7857,7,112,0.4103,0.2984,4.0,93,100,7,self_bootstrap,0,,0,,797.470625,649.041875
53,0.17,0.295,0.17,0.295,0.0035714285714285713,0.0020408163265306124,0.153125,0.26390625,0.0,0.6666666666666667,2026-04-03T14:01:20,0.0074,5,80,0.3052,0.7975,5,80,0.3788,0.2484,4.0,95,100,5,self_bootstrap,0,,0,,827.2925,657.038125
54,0.14,0.19125,0.14,0.19,0.0,0.0,0.134375,0.1925,0.0,1.0,2026-04-03T14:10:24,-0.0781,4,64,0.2684,0.875,4,64,0.3307,-0.2683,3.0,96,100,4,self_bootstrap,0,,0,,933.25125,689.131875
55,0.2,0.3075,0.2,0.3075,0.0014534883720930232,0.0013345195729537367,0.175625,0.263125,0.0,0.0,2026-04-03T14:19:06,-0.0623,5,80,0.2412,0.875,5,80,0.3307,-0.1813,4.0,95,100,5,self_bootstrap,0,,0,,796.55375,657.575
56,0.19,0.2697616060225847,0.2,0.2797992471769134,0.0016891891891891893,0.0026993355481727574,0.188125,0.2547051442910916,0.0002149151085321298,0.0,2026-04-03T14:27:41,-0.0578,7,112,0.2627,0.8571,7,112,0.3499,-0.0046,5.0,93,100,7,self_bootstrap,0,,0,,797.65625,659.751875
57,0.3,0.3659147869674185,0.3,0.36466165413533835,0.0013020833333333333,0.002386634844868735,0.261875,0.3296522556390977,0.0005372492836676218,1.0,2026-04-03T14:36:18,-0.0889,4,64,0.2771,0.9375,4,64,0.2421,-0.2698,3.0,96,100,4,self_bootstrap,0,,0,,732.6925,649.7775
58,0.23,0.29375,0.23,0.28625,0.0,0.0,0.216875,0.290390625,0.0,1.0,2026-04-03T14:44:36,-0.0596,1,16,0.2309,0.6875,1,16,0.4635,-0.576,1.0,99,100,1,self_bootstrap,0,,0,,697.01875,664.98125
59,0.26,0.3278894472361809,0.25,0.3203517587939699,0.00125,0.00046182266009852215,0.25375,0.3235709798994975,0.0,0.0,2026-04-03T14:52:11,-0.0625,3,48,0.2421,0.8958,3,48,0.3055,-0.3779,2.0,97,100,3,self_bootstrap,0,,0,,670.779375,623.76125
60,0.26,0.3725,0.25,0.3625,0.0025,0.001388888888888889,0.253125,0.343984375,0.0004764173415912339,0.0,2026-04-03T15:00:38,-0.0619,3,48,0.2396,0.75,3,48,0.433,-0.6063,3.0,97,100,3,self_bootstrap,0,,0,,713.2525,622.338125
61,0.22,0.29873417721518986,0.22,0.3,0.0,0.0,0.214375,0.2897151898734177,0.0,1.0,2026-04-03T15:08:45,-0.0547,1,16,0.212,0.9375,1,16,0.2421,0.1475,1.0,99,100,1,self_bootstrap,0,,0,,672.644375,624.549375
62,0.21,0.28,0.21,0.28,0.0,0.0,0.189375,0.2715625,0.0,1.0,2026-04-03T15:17:02,0.0,2,32,0.25,0.7188,2,32,0.4496,,,98,100,2,self_bootstrap,0,,0,,770.6825,656.60875
63,0.25,0.33125,0.25,0.33,0.001524390243902439,0.0029498525073746312,0.211875,0.303125,0.0,1.0,2026-04-03T15:25:13,-0.0625,1,16,0.2421,0.875,1,16,0.3307,-0.5955,1.0,99,100,1,self_bootstrap,0,,0,,712.013125,653.788125
64,0.14,0.18125,0.14,0.18125,0.0,0.0,0.17375,0.258984375,0.00019904458598726116,1.0,2026-04-03T15:33:34,-0.0509,1,16,0.1971,0.9375,1,16,0.2421,0.2202,1.0,99,100,1,self_bootstrap,0,,0,,774.6825,663.819375
65,0.21,0.2719298245614035,0.21,0.2769423558897243,0.001644736842105263,0.0015404929577464788,0.1775,0.24929511278195488,0.0005802707930367504,0.4285714285714286,2026-04-03T15:41:37,-0.0966,5,80,0.2902,0.7625,5,80,0.4256,-0.1576,4.0,95,100,5,self_bootstrap,0,,0,,764.95375,651.3275
66,0.22,0.3161209068010076,0.22,0.3161209068010076,0.0015625,0.00233843537414966,0.18375,0.2618860201511335,0.0005423973964924968,0.19999999999999996,2026-04-03T15:49:56,-0.0394,6,96,0.2383,0.8229,6,96,0.3817,0.3974,3.0,94,100,6,self_bootstrap,0,,0,,669.64,655.51125
67,0.2,0.345,0.2,0.345,0.0,0.0,0.204375,0.31015625,0.00015903307888040714,1.0,2026-04-03T15:58:17,-0.1818,2,32,0.3795,0.9375,2,32,0.2421,0.1741,1.0,98,100,2,self_bootstrap,0,,0,,659.956875,639.398125
68,0.19,0.25,0.18,0.24,0.0016891891891891893,0.002938871473354232,0.199375,0.275390625,0.0,0.0,2026-04-03T16:06:29,0.0,2,32,0.25,0.8438,2,32,0.3631,1.0,1.0,98,100,2,self_bootstrap,0,,0,,631.648125,600.90875
69,0.21,0.28,0.21,0.28,0.0,0.0,0.19,0.26734375,0.00014467592592592592,1.0,2026-04-03T16:14:48,-0.0625,2,32,0.2421,0.9375,2,32,0.2421,0.2,1.0,98,100,2,self_bootstrap,0,,0,,696.20125,636.993125
70,0.2,0.2947103274559194,0.2,0.2959697732997481,0.001644736842105263,0.002777777777777778,0.196875,0.2753463476070529,0.0006402048655569782,0.5,2026-04-03T16:23:14,-0.0611,4,64,0.2954,0.875,4,64,0.3307,0.3759,4.0,96,100,4,self_bootstrap,0,,0,,708.8425,648.80125
71,0.25,0.32125,0.26,0.33125,0.0,0.00017857142857142857,0.21875,0.3028125,0.0001849112426035503,1.0,2026-04-03T16:31:22,-0.0549,1,16,0.2127,0.875,1,16,0.3307,0.114,1.0,99,100,1,self_bootstrap,0,,0,,713.034375,622.298125
72,0.22,0.3075,0.22,0.3075,0.0,0.0,0.175625,0.25546875,0.0,1.0,2026-04-03T16:39:31,0.0,0,0,0.0,0.0,0,0,0.0,,,100,100,0,self_bootstrap,0,,0,,673.02125,641.978125
73,0.26,0.335,0.26,0.33375,0.0,0.0,0.251875,0.345234375,0.0,1.0,2026-04-03T16:47:06,-0.0625,1,16,0.2421,0.9375,1,16,0.2421,-1.0,1.0,99,100,1,self_bootstrap,0,,0,,641.768125,612.45625
74,0.18,0.2689393939393939,0.18,0.2689393939393939,0.0,0.0,0.1725,0.2623895202020202,0.0,1.0,2026-04-03T16:55:06,0.0,0,0,0.0,0.0,0,0,0.0,,,100,100,0,self_bootstrap,0,,0,,680.443125,630.0075
75,0.19,0.2325,0.18,0.2225,0.0,0.0005179558011049724,0.22625,0.279296875,0.0,1.0,2026-04-03T17:26:53,-0.0526,1,16,0.2037,0.8125,1,16,0.3903,-0.4151,1.0,99,100,1,self_bootstrap,0,,0,,696.546875,624.440625
76,0.15,0.24125,0.15,0.24125,0.0,0.0,0.165,0.243203125,0.0,1.0,2026-04-03T17:35:01,0.0,0,0,0.0,0.0,0,0,0.0,,,100,100,0,self_bootstrap,0,,0,,719.768125,632.87
77,0.23,0.29125,0.23,0.29125,0.0,0.0,0.180625,0.261875,0.0,1.0,2026-04-03T17:42:07,-0.0625,2,32,0.2421,0.9375,2,32,0.2421,0.0667,2.0,98,100,2,self_bootstrap,0,,0,,659.184375,646.31
78,0.16,0.23625,0.16,0.23625,0.0,0.0,0.16625,0.250234375,0.0,1.0,2026-04-03T17:50:22,-0.0625,1,16,0.2421,0.9375,1,16,0.2421,,,99,100,1,self_bootstrap,0,,0,,647.9475,649.6425
79,0.14,0.24681933842239187,0.14,0.24681933842239187,0.0,0.0,0.155,0.24713740458015268,0.0,1.0,2026-04-03T17:58:47,0.0,0,0,0.0,0.0,0,0,0.0,,,100,100,0,self_bootstrap,0,,0,,702.64,644.556875
80,0.17,0.23433583959899748,0.17,0.23433583959899748,0.0,0.0,0.1625,0.2400532581453634,0.0,1.0,2026-04-03T18:06:17,0.0,0,0,0.0,0.0,0,0,0.0,,,100,100,0,self_bootstrap,0,,0,,607.065625,636.67
81,0.22,0.325,0.23,0.32625,0.0014204545454545455,0.00016983695652173913,0.23,0.320703125,0.00037306472673008767,0.19999999999999996,2026-04-03T18:13:36,-0.06,3,48,0.2326,0.8125,3,48,0.3903,-0.3662,2.0,97,100,3,self_bootstrap,0,,0,,592.046875,619.05
82,0.23,0.305,0.23,0.305,0.0,0.0,0.2375,0.30375,0.00035112359550561797,1.0,2026-04-03T18:21:41,-0.1095,1,16,0.2896,0.9375,1,16,0.2421,0.0976,1.0,99,100,1,self_bootstrap,0,,0,,702.3875,630.386875
83,0.24,0.3025,0.25,0.31,0.0,0.0,0.225625,0.301328125,0.0005466472303206997,1.0,2026-04-03T18:29:42,-0.0431,5,80,0.2462,0.825,5,80,0.38,0.0037,3.0,95,100,5,self_bootstrap,0,,0,,668.6025,626.37
84,0.2,0.27375,0.2,0.27375,0.00125,0.0001675603217158177,0.233125,0.309453125,0.0,0.5333333333333333,2026-04-03T18:37:42,0.0604,1,16,0.2339,0.5625,1,16,0.4961,0.4216,1.0,99,100,1,self_bootstrap,0,,0,,630.864375,607.764375
85,0.25,0.34125,0.25,0.34375,0.0,0.0,0.234375,0.316640625,0.0003180661577608143,1.0,2026-04-03T18:45:48,-0.0571,2,32,0.2222,0.9375,2,32,0.2421,0.6454,2.0,98,100,2,self_bootstrap,0,,0,,645.44375,627.575625
86,0.19,0.25625,0.19,0.25625,0.0,0.0,0.19125,0.2653125,0.0,1.0,2026-04-03T18:53:37,0.0,0,0,0.0,0.0,0,0,0.0,,,100,100,0,self_bootstrap,0,,0,,595.75375,626.580625
87,0.27,0.34005037783375314,0.27,0.34005037783375314,0.0,0.0,0.23,0.3152550377833753,0.0,1.0,2026-04-03T19:01:06,0.0,0,0,0.0,0.0,0,0,0.0,,,100,100,0,self_bootstrap,0,,0,,649.96625,598.57
88,0.13,0.20551378446115287,0.13,0.20551378446115287,0.0,0.0,0.145625,0.21483395989974938,0.0,1.0,2026-04-03T19:08:28,0.0,0,0,0.0,0.0,0,0,0.0,,,100,100,0,self_bootstrap,0,,0,,621.930625,644.975625
89,0.17,0.24125,0.17,0.24125,0.0,0.0,0.1925,0.25671875,0.0,1.0,2026-04-03T19:16:06,0.0,0,0,0.0,0.0,0,0,0.0,,,100,100,0,self_bootstrap,0,,0,,653.766875,658.06625
90,0.28,0.3625,0.28,0.3625,0.0,0.0,0.273125,0.34046875,0.0,1.0,2026-04-03T19:23:33,-0.0625,1,16,0.2421,0.9375,1,16,0.2421,,,99,100,1,self_bootstrap,0,,0,,670.1,622.089375
91,0.16,0.27875,0.16,0.27875,0.0,0.0,0.1925,0.305234375,0.0,1.0,2026-04-03T19:30:49,0.0,0,0,0.0,0.0,0,0,0.0,,,100,100,0,self_bootstrap,0,,0,,631.07875,628.98
92,0.18,0.27044025157232704,0.18,0.2679245283018868,0.0,0.0,0.2075,0.28443396226415096,0.0,1.0,2026-04-03T19:38:33,-0.0833,3,48,0.2764,0.9375,3,48,0.2421,-1.0,1.0,97,100,3,self_bootstrap,0,,0,,687.421875,647.510625
93,0.26,0.34375,0.26,0.34375,0.0,0.0,0.2425,0.32390625,0.0,1.0,2026-04-03T19:47:01,0.0,0,0,0.0,0.0,0,0,0.0,,,100,100,0,self_bootstrap,0,,0,,706.909375,642.04375
94,0.27,0.36466165413533835,0.28,0.37468671679197996,0.0,0.0,0.275625,0.3818139097744361,0.00019113149847094801,1.0,2026-04-03T19:54:16,-0.0557,1,16,0.2156,0.9375,1,16,0.2421,0.4472,1.0,99,100,1,self_bootstrap,0,,0,,617.351875,652.0
95,0.23,0.33125,0.24,0.34,0.0,0.0,0.235625,0.34734375,0.00017409470752089137,1.0,2026-04-03T20:01:10,-0.0566,2,32,0.2206,0.9375,2,32,0.2421,-0.0915,2.0,98,100,2,self_bootstrap,0,,0,,641.334375,624.443125
96,0.26,0.3236775818639798,0.26,0.3236775818639798,0.0,0.0,0.236875,0.32509445843828716,0.0,1.0,2026-04-03T20:09:12,0.0,0,0,0.0,0.0,0,0,0.0,,,100,100,0,self_bootstrap,0,,0,,574.108125,588.355625
97,0.16,0.29,0.16,0.29,0.0,0.0,0.160625,0.266640625,0.0,1.0,2026-04-03T20:16:27,0.0,0,0,0.0,0.0,0,0,0.0,,,100,100,0,self_bootstrap,0,,0,,620.408125,635.11
98,0.24,0.3358395989974937,0.24,0.3358395989974937,0.0,0.0,0.24,0.32824248120300753,0.0,1.0,2026-04-03T20:23:28,0.0,0,0,0.0,0.0,0,0,0.0,,,100,100,0,self_bootstrap,0,,0,,597.419375,601.570625
99,0.16,0.2518796992481203,0.16,0.2518796992481203,0.0,0.0,0.173125,0.27474937343358397,0.0,1.0,2026-04-03T20:30:56,-0.0625,1,16,0.2421,0.5625,1,16,0.4961,,,99,100,1,self_bootstrap,0,,0,,601.870625,620.869375
100,0.26,0.31375,0.26,0.3225,0.0,0.0,0.276875,0.327421875,0.0,1.0,2026-04-03T21:01:50,-0.0528,1,16,0.2047,0.9375,1,16,0.2421,0.124,1.0,99,100,1,self_bootstrap,0,,0,,605.65,607.95375
101,0.24,0.3525,0.24,0.3525,0.0014204545454545455,0.0004675810473815461,0.250625,0.33796875,0.00020682523267838676,0.6923076923076923,2026-04-03T21:09:57,-0.0003,2,32,0.2487,0.8438,2,32,0.3631,0.558,2.0,98,100,2,self_bootstrap,0,,0,,659.771875,608.165625
102,0.23,0.32625,0.23,0.32625,0.0,0.0,0.206875,0.29734375,0.0,1.0,2026-04-03T21:17:55,0.0,0,0,0.0,0.0,0,0,0.0,,,100,100,0,self_bootstrap,0,,0,,596.57,613.033125
103,0.23,0.33625,0.23,0.33625,0.0,0.0,0.248125,0.3190625,0.0,1.0,2026-04-03T21:25:07,0.0,0,0,0.0,0.0,0,0,0.0,,,100,100,0,self_bootstrap,0,,0,,575.999375,593.23
104,0.24,0.3224181360201511,0.24,0.3224181360201511,0.0,0.0,0.23125,0.3081706549118388,0.0,1.0,2026-04-03T21:32:17,0.0,0,0,0.0,0.0,0,0,0.0,,,100,100,0,self_bootstrap,0,,0,,633.1825,611.9925
105,0.28,0.3278894472361809,0.28,0.32663316582914576,0.0,0.0,0.25875,0.33110866834170855,0.0,1.0,2026-04-03T21:39:20,-0.0577,1,16,0.2235,0.9375,1,16,0.2421,-0.3881,1.0,99,100,1,self_bootstrap,0,,0,,584.6375,620.360625
106,0.2,0.3074027603513174,0.2,0.3074027603513174,0.0,0.0,0.215625,0.312107904642409,0.0,1.0,2026-04-03T21:47:28,0.0,0,0,0.0,0.0,0,0,0.0,,,100,100,0,self_bootstrap,0,,0,,663.66,633.73375
107,0.28,0.3693467336683417,0.28,0.3693467336683417,0.0,0.0,0.279375,0.34846105527638194,0.0,1.0,2026-04-03T21:54:47,-0.0625,1,16,0.2421,0.75,1,16,0.433,,,99,100,1,self_bootstrap,0,,0,,623.73125,604.50625
108,0.2,0.2706766917293233,0.2,0.2706766917293233,0.0,0.0,0.17625,0.2606516290726817,0.0,1.0,2026-04-03T22:02:50,0.0,0,0,0.0,0.0,0,0,0.0,,,100,100,0,self_bootstrap,0,,0,,669.391875,653.648125
109,0.22,0.30730478589420657,0.22,0.30730478589420657,0.0,0.0,0.20375,0.30565176322418136,0.0,1.0,2026-04-03T22:10:16,0.0,0,0,0.0,0.0,0,0,0.0,,,100,100,0,self_bootstrap,0,,0,,625.686875,619.739375
110,0.19,0.2857142857142857,0.19,0.2857142857142857,0.0016025641025641025,0.000819672131147541,0.190625,0.2818765664160401,0.0,0.0,2026-04-03T22:17:51,-0.0625,1,16,0.2421,0.75,1,16,0.433,-1.0,1.0,99,100,1,self_bootstrap,0,,0,,663.8275,651.56
111,0.15,0.2325,0.15,0.2325,0.0014534883720930232,0.003246753246753247,0.1925,0.254921875,0.0,1.0,2026-04-03T22:25:37,0.0,0,0,0.0,0.0,0,0,0.0,,,100,100,0,self_bootstrap,0,,0,,603.359375,606.08
112,0.25,0.32375,0.25,0.32375,0.0,0.0,0.203125,0.28265625,0.0,1.0,2026-04-03T22:33:09,0.0,0,0,0.0,0.0,0,0,0.0,,,100,100,0,self_bootstrap,0,,0,,708.334375,600.21625
113,0.2,0.2884130982367758,0.2,0.2884130982367758,0.0,0.0,0.235625,0.3197418136020151,0.0,1.0,2026-04-03T22:40:41,0.0,0,0,0.0,0.0,0,0,0.0,,,100,100,0,self_bootstrap,0,,0,,607.136875,614.208125
114,0.2,0.2581453634085213,0.2,0.2581453634085213,0.0,0.0,0.193125,0.26339285714285715,0.0,1.0,2026-04-03T22:48:21,0.0,0,0,0.0,0.0,0,0,0.0,,,100,100,0,self_bootstrap,0,,0,,646.85875,625.89375
115,0.19,0.26208651399491095,0.19,0.26208651399491095,0.0,0.0,0.180625,0.2643129770992366,0.0,1.0,2026-04-03T22:56:19,0.0,0,0,0.0,0.0,0,0,0.0,,,100,100,0,self_bootstrap,0,,0,,692.893125,650.615625
116,0.23,0.325,0.23,0.325,0.0,0.0,0.19375,0.292578125,0.0,1.0,2026-04-03T23:03:49,-0.0625,1,16,0.2421,0.9375,1,16,0.2421,,,99,100,1,self_bootstrap,0,,0,,656.586875,620.729375
117,0.22,0.3125,0.22,0.3125,0.0,0.0,0.228125,0.29875,0.0,1.0,2026-04-03T23:11:45,0.0,0,0,0.0,0.0,0,0,0.0,,,100,100,0,self_bootstrap,0,,0,,636.109375,638.945625
118,0.14,0.25375,0.14,0.25375,0.0,0.0,0.215,0.310625,0.0,1.0,2026-04-03T23:18:36,0.0,0,0,0.0,0.0,0,0,0.0,,,100,100,0,self_bootstrap,0,,0,,650.58625,637.49
119,0.24,0.335,0.24,0.335,0.0,0.0,0.28375,0.3603125,0.0,1.0,2026-04-03T23:26:02,0.0,0,0,0.0,0.0,0,0,0.0,,,100,100,0,self_bootstrap,0,,0,,635.5,595.229375
120,0.25,0.38,0.25,0.38,0.0,0.0,0.249375,0.34734375,0.00021626297577854672,1.0,2026-04-03T23:33:43,-0.0577,2,32,0.2242,0.9062,2,32,0.2915,-0.0935,1.0,98,100,2,self_bootstrap,0,,0,,689.075625,619.556875
121,0.19,0.2875,0.19,0.2875,0.0,0.0,0.206875,0.301328125,0.0,1.0,2026-04-03T23:42:05,0.0,0,0,0.0,0.0,0,0,0.0,,,100,100,0,self_bootstrap,0,,0,,687.78125,608.684375
122,0.17,0.24,0.17,0.24,0.0,0.0,0.1725,0.237265625,0.0,1.0,2026-04-03T23:49:15,0.0,0,0,0.0,0.0,0,0,0.0,,,100,100,0,self_bootstrap,0,,0,,575.713125,628.6325
123,0.23,0.32625,0.23,0.32625,0.0,0.0,0.200625,0.307109375,0.0,1.0,2026-04-03T23:56:28,0.0,0,0,0.0,0.0,0,0,0.0,,,100,100,0,self_bootstrap,0,,0,,564.5575,616.083125
124,0.25,0.32875,0.25,0.32875,0.003989361702127659,0.0031601123595505617,0.2225,0.31890625,0.0,0.0,2026-04-04T00:03:48,-0.1875,1,16,0.3903,0.625,1,16,0.4841,-1.0,1.0,99,100,1,self_bootstrap,0,,0,,610.575625,609.220625
125,0.14,0.21375,0.14,0.21375,0.0,0.0,0.133125,0.228203125,0.0,1.0,2026-04-04T00:35:07,0.0,0,0,0.0,0.0,0,0,0.0,,,100,100,0,self_bootstrap,0,,0,,646.26,643.571875
126,0.29,0.37,0.29,0.37,0.0,0.0,0.23625,0.338828125,0.0,1.0,2026-04-04T00:42:30,0.0,0,0,0.0,0.0,0,0,0.0,,,100,100,0,self_bootstrap,0,,0,,626.799375,632.291875
127,0.19,0.28375,0.19,0.28375,0.0,0.0,0.225625,0.31515625,0.0,1.0,2026-04-04T00:50:05,0.0,0,0,0.0,0.0,0,0,0.0,,,100,100,0,self_bootstrap,0,,0,,632.596875,615.99125
128,0.15,0.27889447236180903,0.15,0.27889447236180903,0.0,0.0,0.189375,0.29404836683417085,0.0,1.0,2026-04-04T00:57:36,0.0,0,0,0.0,0.0,0,0,0.0,,,100,100,0,self_bootstrap,0,,0,,636.2275,626.9725
129,0.22,0.3275,0.22,0.3275,0.0,0.0,0.193125,0.283046875,0.0,1.0,2026-04-04T01:04:53,0.0625,1,16,0.2421,0.8125,1,16,0.3903,,,99,100,1,self_bootstrap,0,,0,,713.406875,642.093125
130,0.16,0.23551637279596976,0.16,0.23551637279596976,0.0,0.0,0.188125,0.2848709068010076,0.0,1.0,2026-04-04T01:13:19,0.0,0,0,0.0,0.0,0,0,0.0,,,100,100,0,self_bootstrap,0,,0,,670.534375,645.468125
131,0.2,0.27375,0.2,0.27375,0.0,0.0,0.2125,0.313828125,0.0,1.0,2026-04-04T01:20:59,0.0,0,0,0.0,0.0,0,0,0.0,,,100,100,0,self_bootstrap,0,,0,,659.334375,658.620625
132,0.27,0.33625,0.27,0.33625,0.0,0.0,0.281875,0.357890625,0.0,1.0,2026-04-04T01:28:06,-0.0625,1,16,0.2421,0.6875,1,16,0.4635,,,99,100,1,self_bootstrap,0,,0,,606.46375,620.895625
133,0.17,0.265,0.17,0.265,0.0,0.0,0.194375,0.270078125,0.0,1.0,2026-04-04T01:35:51,0.0,0,0,0.0,0.0,0,0,0.0,,,100,100,0,self_bootstrap,0,,0,,655.63875,625.915
134,0.18,0.25625,0.18,0.25625,0.0,0.0,0.17125,0.249765625,0.0,1.0,2026-04-04T01:43:12,0.0,0,0,0.0,0.0,0,0,0.0,,,100,100,0,self_bootstrap,0,,0,,651.0125,624.77625
135,0.29,0.37625,0.29,0.37625,0.0,0.0,0.26625,0.348359375,0.0,1.0,2026-04-04T01:50:34,0.0,0,0,0.0,0.0,0,0,0.0,,,100,100,0,self_bootstrap,0,,0,,643.628125,632.201875
136,0.28,0.34375,0.28,0.34375,0.0,0.0,0.27,0.3365625,0.0,1.0,2026-04-04T01:58:19,0.0,0,0,0.0,0.0,0,0,0.0,,,100,100,0,self_bootstrap,0,,0,,693.16875,616.485
137,0.29,0.36375,0.29,0.36375,0.0,0.0,0.28,0.363203125,0.0,1.0,2026-04-04T02:05:47,0.0,0,0,0.0,0.0,0,0,0.0,,,100,100,0,self_bootstrap,0,,0,,595.309375,632.090625
138,0.27,0.31625,0.27,0.31625,0.0,0.0,0.2125,0.297578125,0.0,1.0,2026-04-04T02:13:15,0.0,0,0,0.0,0.0,0,0,0.0,,,100,100,0,self_bootstrap,0,,0,,654.05625,643.620625
139,0.25,0.3425,0.25,0.3425,0.0,0.0,0.22375,0.30359375,0.0,1.0,2026-04-04T02:20:50,-0.0625,1,16,0.2421,0.9375,1,16,0.2421,,,99,100,1,self_bootstrap,0,,0,,674.793125,627.635
140,0.2,0.27125,0.2,0.2725,0.001838235294117647,0.002161383285302594,0.216875,0.283203125,0.0,0.25,2026-04-04T02:29:12,-0.0003,2,32,0.2487,0.875,2,32,0.3307,0.7658,2.0,98,100,2,self_bootstrap,0,,0,,646.005,667.628125
141,0.2,0.28875,0.2,0.28875,0.0,0.0,0.214375,0.30328125,0.0,1.0,2026-04-04T02:37:27,0.0,0,0,0.0,0.0,0,0,0.0,,,100,100,0,self_bootstrap,0,,0,,662.558125,639.16125
142,0.25,0.33,0.25,0.33,0.0,0.0,0.2025,0.279453125,0.0,1.0,2026-04-04T02:44:46,0.0,0,0,0.0,0.0,0,0,0.0,,,100,100,0,self_bootstrap,0,,0,,600.241875,650.794375
143,0.19,0.27,0.19,0.27,0.0014534883720930232,0.0018712574850299401,0.20875,0.295,0.0,0.16666666666666663,2026-04-04T02:52:13,0.0625,1,16,0.2421,0.6875,1,16,0.4635,0.9428,1.0,99,100,1,self_bootstrap,0,,0,,635.923125,649.4825
144,0.18,0.28211586901763225,0.18,0.28211586901763225,0.0,0.0,0.178125,0.26220088161209065,0.0,1.0,2026-04-04T03:00:18,0.0,0,0,0.0,0.0,0,0,0.0,,,100,100,0,self_bootstrap,0,,0,,661.398125,672.33875
145,0.32,0.3775,0.32,0.3775,0.0,0.0,0.279375,0.344375,0.0,1.0,2026-04-04T03:07:05,0.0,0,0,0.0,0.0,0,0,0.0,,,100,100,0,self_bootstrap,0,,0,,636.568125,641.19125
146,0.22,0.30856423173803527,0.22,0.30856423173803527,0.0,0.0,0.234375,0.326117758186398,0.0,1.0,2026-04-04T03:14:44,0.0,0,0,0.0,0.0,0,0,0.0,,,100,100,0,self_bootstrap,0,,0,,644.9975,644.24
147,0.22,0.29625,0.22,0.295,0.0,0.0,0.20375,0.30421875,0.0,1.0,2026-04-04T03:22:22,-0.0618,1,16,0.2395,0.9375,1,16,0.2421,-0.3315,1.0,99,100,1,self_bootstrap,0,,0,,666.3375,646.52875
148,0.25,0.38125,0.25,0.38125,0.0,0.0,0.233125,0.350703125,0.0,1.0,2026-04-04T03:30:28,-0.0625,1,16,0.2421,0.9375,1,16,0.2421,,,99,100,1,self_bootstrap,0,,0,,661.615,616.49375
149,0.24,0.3659147869674185,0.24,0.3659147869674185,0.0,0.0,0.21375,0.32479636591478694,0.0,1.0,2026-04-04T03:38:28,0.0,0,0,0.0,0.0,0,0,0.0,,,100,100,0,self_bootstrap,0,,0,,658.955625,639.839375
150,0.24,0.29056603773584905,0.24,0.29056603773584905,0.0,0.0,0.199375,0.26949685534591195,0.0,1.0,2026-04-04T04:08:51,-0.0625,1,16,0.2421,0.9375,1,16,0.2421,,,99,100,1,self_bootstrap,0,,0,,699.333125,667.940625
151,0.26,0.36,0.26,0.36,0.0,0.0,0.228125,0.325078125,0.0,1.0,2026-04-04T04:16:49,0.0,0,0,0.0,0.0,0,0,0.0,,,100,100,0,self_bootstrap,0,,0,,635.715,640.133125
152,0.24,0.2982456140350877,0.24,0.2982456140350877,0.0,0.0,0.22,0.29221491228070173,0.0,1.0,2026-04-04T04:24:32,0.0,0,0,0.0,0.0,0,0,0.0,,,100,100,0,self_bootstrap,0,,0,,651.790625,664.8475
153,0.17,0.25875,0.17,0.25875,0.0,0.0,0.1975,0.288984375,0.0,1.0,2026-04-04T04:31:46,0.0,0,0,0.0,0.0,0,0,0.0,,,100,100,0,self_bootstrap,0,,0,,610.510625,614.1275
154,0.2,0.28125,0.2,0.28125,0.0,0.0,0.1925,0.276875,0.0,1.0,2026-04-04T04:39:19,0.0,0,0,0.0,0.0,0,0,0.0,,,100,100,0,self_bootstrap,0,,0,,638.405625,666.985625
155,0.22,0.34875,0.22,0.34875,0.0,0.0,0.244375,0.340390625,0.0,1.0,2026-04-04T04:46:40,0.0,0,0,0.0,0.0,0,0,0.0,,,100,100,0,self_bootstrap,0,,0,,668.370625,641.10875
156,0.22,0.29875,0.22,0.29875,0.0,0.0,0.228125,0.311640625,0.0,1.0,2026-04-04T04:53:42,0.0,0,0,0.0,0.0,0,0,0.0,,,100,100,0,self_bootstrap,0,,0,,606.433125,620.875
157,0.2,0.2669172932330827,0.2,0.2669172932330827,0.0,0.0,0.191875,0.2806234335839599,0.0,1.0,2026-04-04T05:01:25,0.0,0,0,0.0,0.0,0,0,0.0,,,100,100,0,self_bootstrap,0,,0,,675.92625,648.820625
158,0.19,0.2876884422110553,0.19,0.2876884422110553,0.0,0.0,0.213125,0.3126570351758794,0.0,1.0,2026-04-04T05:08:27,0.0,0,0,0.0,0.0,0,0,0.0,,,100,100,0,self_bootstrap,0,,0,,613.373125,640.978125
159,0.18,0.2604298356510746,0.18,0.2604298356510746,0.0,0.0,0.223125,0.3193742098609355,0.0,1.0,2026-04-04T05:15:28,-0.0625,1,16,0.2421,0.75,1,16,0.433,-0.0778,1.0,99,100,1,self_bootstrap,0,,0,,602.411875,635.144375
160,0.13,0.215,0.13,0.215,0.004032258064516129,0.004502118644067797,0.1475,0.235703125,0.0,0.8666666666666667,2026-04-04T05:23:34,0.0598,1,16,0.2317,0.875,1,16,0.3307,0.0976,1.0,99,100,1,self_bootstrap,0,,0,,644.473125,651.038125
161,0.21,0.2875,0.21,0.2875,0.0,0.0,0.205,0.28578125,0.0,1.0,2026-04-04T05:31:45,0.0,0,0,0.0,0.0,0,0,0.0,,,100,100,0,self_bootstrap,0,,0,,644.593125,646.10625
162,0.16,0.2525,0.16,0.2525,0.0,0.0,0.16875,0.259140625,0.0,1.0,2026-04-04T05:39:18,0.0,0,0,0.0,0.0,0,0,0.0,,,100,100,0,self_bootstrap,0,,0,,682.46375,664.02625
163,0.22,0.32496863237139273,0.22,0.32496863237139273,0.0,0.0,0.259375,0.34386762860727726,0.0,1.0,2026-04-04T05:46:36,0.0,0,0,0.0,0.0,0,0,0.0,,,100,100,0,self_bootstrap,0,,0,,606.875625,624.370625
164,0.34,0.4548872180451128,0.34,0.4548872180451128,0.0,0.0,0.33875,0.456062030075188,0.0,1.0,2026-04-04T05:53:22,0.0,0,0,0.0,0.0,0,0,0.0,,,100,100,0,self_bootstrap,0,,0,,548.599375,590.271875
165,0.2,0.28391959798994976,0.2,0.28391959798994976,0.0,0.0,0.19125,0.2806218592964824,0.0,1.0,2026-04-04T06:00:39,0.0,0,0,0.0,0.0,0,0,0.0,,,100,100,0,self_bootstrap,0,,0,,623.8925,631.540625
166,0.16,0.27169811320754716,0.16,0.27169811320754716,0.0,0.0,0.169375,0.2696540880503145,0.0,1.0,2026-04-04T06:08:22,0.0,0,0,0.0,0.0,0,0,0.0,,,100,100,0,self_bootstrap,0,,0,,666.1525,684.5975
167,0.22,0.2656641604010025,0.22,0.2656641604010025,0.0,0.0,0.25125,0.3221334586466165,0.0,1.0,2026-04-04T06:15:50,0.0,0,0,0.0,0.0,0,0,0.0,,,100,100,0,self_bootstrap,0,,0,,643.574375,601.65625
168,0.18,0.28125,0.18,0.28125,0.0,0.0,0.178125,0.2803125,0.0,1.0,2026-04-04T06:23:15,0.0,0,0,0.0,0.0,0,0,0.0,,,100,100,0,self_bootstrap,0,,0,,595.636875,627.965
169,0.22,0.2982456140350877,0.22,0.2982456140350877,0.0,0.0,0.2075,0.2908834586466165,0.0,1.0,2026-04-04T06:30:46,0.0,0,0,0.0,0.0,0,0,0.0,,,100,100,0,self_bootstrap,0,,0,,652.4325,635.795625
170,0.29,0.345,0.29,0.345,0.0,0.0,0.2975,0.365703125,0.0,1.0,2026-04-04T06:38:07,-0.0625,1,16,0.2421,0.75,1,16,0.433,,,99,100,1,self_bootstrap,0,,0,,668.168125,640.656875
171,0.27,0.34125,0.27,0.34125,0.0,0.0,0.28,0.353515625,0.0,1.0,2026-04-04T06:45:40,0.0,0,0,0.0,0.0,0,0,0.0,,,100,100,0,self_bootstrap,0,,0,,606.928125,632.295625
172,0.28,0.3638676844783715,0.28,0.3638676844783715,0.0,0.0,0.26125,0.34534033078880405,0.0,1.0,2026-04-04T06:53:24,0.0,0,0,0.0,0.0,0,0,0.0,,,100,100,0,self_bootstrap,0,,0,,649.509375,659.301875
173,0.19,0.31375,0.19,0.31375,0.0,0.0,0.1875,0.298828125,0.0,1.0,2026-04-04T07:01:04,0.0,0,0,0.0,0.0,0,0,0.0,,,100,100,0,self_bootstrap,0,,0,,596.339375,636.1725
174,0.23,0.2925,0.23,0.2925,0.0,0.0,0.220625,0.290625,0.0,1.0,2026-04-04T07:08:19,0.0,0,0,0.0,0.0,0,0,0.0,,,100,100,0,self_bootstrap,0,,0,,687.756875,660.06625
175,0.21,0.28125,0.21,0.28125,0.0,0.0,0.236875,0.307734375,0.0,1.0,2026-04-04T07:39:31,0.0,0,0,0.0,0.0,0,0,0.0,,,100,100,0,self_bootstrap,0,,0,,661.055625,647.685625
176,0.19,0.2645569620253165,0.19,0.2645569620253165,0.0,0.0,0.20875,0.28536392405063293,0.0,1.0,2026-04-04T07:46:47,0.0,0,0,0.0,0.0,0,0,0.0,,,100,100,0,self_bootstrap,0,,0,,653.321875,642.29375
177,0.16,0.26,0.16,0.26,0.0,0.0,0.201875,0.290703125,0.0,1.0,2026-04-04T07:54:32,0.0,0,0,0.0,0.0,0,0,0.0,,,100,100,0,self_bootstrap,0,,0,,653.154375,662.066875
178,0.23,0.31625,0.23,0.31625,0.0,0.0,0.218125,0.293671875,0.0,1.0,2026-04-04T08:02:06,0.0,0,0,0.0,0.0,0,0,0.0,,,100,100,0,self_bootstrap,0,,0,,645.06625,648.915
179,0.27,0.36125,0.27,0.36125,0.0,0.0,0.259375,0.358046875,0.0,1.0,2026-04-04T08:09:08,0.0,0,0,0.0,0.0,0,0,0.0,,,100,100,0,self_bootstrap,0,,0,,611.734375,640.270625
180,0.19,0.2543859649122807,0.19,0.2543859649122807,0.0,0.0,0.235,0.3034147869674185,0.0,1.0,2026-04-04T08:16:27,-0.0625,1,16,0.2421,0.625,1,16,0.4841,-0.6162,1.0,99,100,1,self_bootstrap,0,,0,,659.6925,627.49125
181,0.21,0.32375,0.21,0.32375,0.0,0.0,0.221875,0.319296875,0.0,1.0,2026-04-04T08:24:13,0.0,0,0,0.0,0.0,0,0,0.0,,,100,100,0,self_bootstrap,0,,0,,666.5175,649.77875
182,0.19,0.2875,0.19,0.2875,0.0,0.0,0.20125,0.2925,0.0,1.0,2026-04-04T08:31:48,-0.0625,1,16,0.2421,0.9375,1,16,0.2421,,,99,100,1,self_bootstrap,0,,0,,667.435,659.878125
183,0.18,0.28375,0.18,0.28375,0.0,0.0,0.205625,0.291015625,0.0,1.0,2026-04-04T08:39:41,-0.0625,1,16,0.2421,0.9375,1,16,0.2421,,,99,100,1,self_bootstrap,0,,0,,618.1425,645.270625
184,0.2,0.2858942065491184,0.2,0.2858942065491184,0.0,0.0,0.1975,0.2767632241813602,0.0,1.0,2026-04-04T08:47:32,0.0,0,0,0.0,0.0,0,0,0.0,,,100,100,0,self_bootstrap,0,,0,,619.54375,648.16625
185,0.19,0.28125,0.19,0.28125,0.0,0.0,0.220625,0.29203125,0.0,1.0,2026-04-04T08:54:55,0.0,0,0,0.0,0.0,0,0,0.0,,,100,100,0,self_bootstrap,0,,0,,633.898125,660.09875
186,0.24,0.2975,0.24,0.2975,0.0,0.0,0.23,0.298359375,0.0,1.0,2026-04-04T09:02:09,0.0,0,0,0.0,0.0,0,0,0.0,,,100,100,0,self_bootstrap,0,,0,,635.820625,616.03875
187,0.26,0.335,0.26,0.335,0.0,0.0,0.25125,0.330078125,0.0,1.0,2026-04-04T09:09:29,0.0,0,0,0.0,0.0,0,0,0.0,,,100,100,0,self_bootstrap,0,,0,,646.534375,620.709375
188,0.24,0.285,0.24,0.285,0.0,0.0,0.215,0.2915625,0.0,1.0,2026-04-04T09:16:57,0.0,0,0,0.0,0.0,0,0,0.0,,,100,100,0,self_bootstrap,0,,0,,644.465,630.573125
189,0.26,0.34,0.26,0.34,0.0,0.0,0.259375,0.330859375,0.0,1.0,2026-04-04T09:24:16,0.0,0,0,0.0,0.0,0,0,0.0,,,100,100,0,self_bootstrap,0,,0,,649.745,631.494375
190,0.19,0.305,0.19,0.305,0.0,0.0,0.23,0.320625,0.0,1.0,2026-04-04T09:31:46,0.0,0,0,0.0,0.0,0,0,0.0,,,100,100,0,self_bootstrap,0,,0,,651.819375,631.234375
191,0.21,0.3308270676691729,0.21,0.3308270676691729,0.0,0.0,0.215625,0.33208020050125314,0.0,1.0,2026-04-04T09:39:20,0.0,0,0,0.0,0.0,0,0,0.0,,,100,100,0,self_bootstrap,0,,0,,600.524375,627.860625
192,0.22,0.33709273182957394,0.22,0.33709273182957394,0.0,0.0,0.219375,0.3163377192982456,0.0,1.0,2026-04-04T09:46:29,0.0,0,0,0.0,0.0,0,0,0.0,,,100,100,0,self_bootstrap,0,,0,,641.530625,626.3725
193,0.23,0.35375,0.23,0.35375,0.0,0.0,0.240625,0.3640625,0.0,1.0,2026-04-04T09:53:37,0.0,0,0,0.0,0.0,0,0,0.0,,,100,100,0,self_bootstrap,0,,0,,685.606875,634.998125
194,0.23,0.33375,0.23,0.33375,0.0,0.0,0.221875,0.305546875,0.0,1.0,2026-04-04T10:01:18,0.0,0,0,0.0,0.0,0,0,0.0,,,100,100,0,self_bootstrap,0,,0,,689.941875,644.52125
195,0.2,0.29699248120300753,0.2,0.29699248120300753,0.0,0.0,0.23875,0.3113251879699248,0.00033783783783783786,1.0,2026-04-04T10:08:45,-0.0614,1,16,0.2379,0.875,1,16,0.3307,0.507,1.0,99,100,1,self_bootstrap,0,,0,,605.59375,637.126875
196,0.21,0.2957393483709273,0.21,0.2957393483709273,0.0,0.0,0.245625,0.31759085213032584,0.0,1.0,2026-04-04T10:16:58,0.0,0,0,0.0,0.0,0,0,0.0,,,100,100,0,self_bootstrap,0,,0,,656.288125,643.675
197,0.21,0.30875,0.21,0.30875,0.0,0.0,0.216875,0.3153125,0.0,1.0,2026-04-04T10:24:35,0.0,0,0,0.0,0.0,0,0,0.0,,,100,100,0,self_bootstrap,0,,0,,648.46125,655.540625
198,0.19,0.26875,0.19,0.26875,0.0,0.0,0.234375,0.316640625,0.0,1.0,2026-04-04T10:31:58,0.0,0,0,0.0,0.0,0,0,0.0,,,100,100,0,self_bootstrap,0,,0,,626.74125,617.0725
199,0.19,0.275,0.18,0.265,0.001524390243902439,0.00316722972972973,0.185,0.277578125,0.0,0.0,2026-04-04T10:39:30,0.0625,1,16,0.2421,0.9375,1,16,0.2421,1.0,1.0,99,100,1,self_bootstrap,0,,0,,639.520625,642.074375
200,0.26,0.35786802030456855,0.26,0.35786802030456855,0.0,0.0,0.226875,0.33930837563451777,0.0,1.0,2026-04-04T11:10:58,0.0,0,0,0.0,0.0,0,0,0.0,,,100,100,0,self_bootstrap,0,,0,,618.32625,626.4475
201,0.19,0.3027638190954774,0.19,0.3027638190954774,0.0,0.0,0.194375,0.29993718592964824,0.0,1.0,2026-04-04T11:18:21,0.0,0,0,0.0,0.0,0,0,0.0,,,100,100,0,self_bootstrap,0,,0,,625.325625,636.38875
202,0.29,0.35768261964735515,0.29,0.35768261964735515,0.0,0.0,0.2725,0.3513853904282116,0.0,1.0,2026-04-04T11:25:42,0.0,0,0,0.0,0.0,0,0,0.0,,,100,100,0,self_bootstrap,0,,0,,618.5575,640.450625
203,0.2,0.3075,0.2,0.3075,0.0,0.0,0.22125,0.311875,0.0,1.0,2026-04-04T11:33:00,0.0,0,0,0.0,0.0,0,0,0.0,,,100,100,0,self_bootstrap,0,,0,,616.25,603.88625
204,0.16,0.275,0.16,0.275,0.0,0.0,0.195625,0.2984375,0.0,1.0,2026-04-04T11:40:02,0.0,0,0,0.0,0.0,0,0,0.0,,,100,100,0,self_bootstrap,0,,0,,625.88125,638.005
205,0.2,0.30125,0.2,0.30125,0.0,0.0,0.19875,0.288515625,0.0,1.0,2026-04-04T11:47:40,0.0,0,0,0.0,0.0,0,0,0.0,,,100,100,0,self_bootstrap,0,,0,,650.715625,631.905
206,0.18,0.30125,0.18,0.30125,0.0,0.0,0.183125,0.301875,0.0,1.0,2026-04-04T11:55:08,0.0,0,0,0.0,0.0,0,0,0.0,,,100,100,0,self_bootstrap,0,,0,,648.7875,642.376875
207,0.22,0.2844611528822055,0.22,0.2844611528822055,0.0,0.0,0.201875,0.2819548872180451,0.0,1.0,2026-04-04T12:02:33,-0.0625,1,16,0.2421,0.9375,1,16,0.2421,,,99,100,1,self_bootstrap,0,,0,,620.330625,631.85375
208,0.19,0.2655654383735705,0.19,0.2655654383735705,0.0,0.0,0.2025,0.28049555273189325,0.0,1.0,2026-04-04T12:10:40,0.0,0,0,0.0,0.0,0,0,0.0,,,100,100,0,self_bootstrap,0,,0,,658.189375,651.5625
209,0.23,0.3082706766917293,0.23,0.3082706766917293,0.0,0.0,0.225,0.31226503759398494,0.0,1.0,2026-04-04T12:17:59,0.0,0,0,0.0,0.0,0,0,0.0,,,100,100,0,self_bootstrap,0,,0,,605.29,637.859375
210,0.23,0.31,0.23,0.31,0.0,0.0,0.2225,0.29765625,0.0,1.0,2026-04-04T12:25:26,0.0,0,0,0.0,0.0,0,0,0.0,,,100,100,0,self_bootstrap,0,,0,,650.280625,663.753125
211,0.19,0.26375,0.19,0.26375,0.0,0.0,0.18125,0.268125,0.0,1.0,2026-04-04T12:32:53,0.0,0,0,0.0,0.0,0,0,0.0,,,100,100,0,self_bootstrap,0,,0,,654.81625,636.22375
212,0.17,0.2325,0.17,0.2325,0.0,0.0,0.181875,0.2646875,0.0,1.0,2026-04-04T12:40:26,0.0,0,0,0.0,0.0,0,0,0.0,,,100,100,0,self_bootstrap,0,,0,,649.335625,651.7275
213,0.21,0.31125,0.21,0.31125,0.0,0.0,0.18375,0.276328125,0.0,1.0,2026-04-04T12:47:50,0.0,0,0,0.0,0.0,0,0,0.0,,,100,100,0,self_bootstrap,0,,0,,645.434375,643.78875
214,0.3,0.37875,0.3,0.37875,0.0,0.0,0.24375,0.319140625,0.0,1.0,2026-04-04T12:55:01,0.0,0,0,0.0,0.0,0,0,0.0,,,100,100,0,self_bootstrap,0,,0,,612.021875,618.7675
215,0.22,0.30625,0.21,0.29625,0.003472222222222222,0.0008445945945945946,0.185,0.26359375,0.0,0.0,2026-04-04T13:03:02,-0.125,1,16,0.3307,0.875,1,16,0.3307,-1.0,1.0,99,100,1,self_bootstrap,0,,0,,683.74625,649.55625
216,0.26,0.36125,0.26,0.36125,0.0,0.0,0.25875,0.366171875,0.0,1.0,2026-04-04T13:11:11,0.0,0,0,0.0,0.0,0,0,0.0,,,100,100,0,self_bootstrap,0,,0,,620.014375,628.88875
217,0.25,0.3275,0.25,0.3275,0.0,0.0,0.255,0.327734375,0.0,1.0,2026-04-04T13:18:48,0.0,0,0,0.0,0.0,0,0,0.0,,,100,100,0,self_bootstrap,0,,0,,633.23375,636.928125
218,0.26,0.315,0.26,0.315,0.0,0.0,0.25125,0.315234375,0.0,1.0,2026-04-04T13:26:08,0.0,0,0,0.0,0.0,0,0,0.0,,,100,100,0,self_bootstrap,0,,0,,627.393125,610.8475
219,0.3,0.375,0.3,0.375,0.0,0.0,0.276875,0.37203125,0.0,1.0,2026-04-04T13:33:30,0.0,0,0,0.0,0.0,0,0,0.0,,,100,100,0,self_bootstrap,0,,0,,623.099375,641.15375
220,0.23,0.3125,0.23,0.3125,0.0,0.0,0.20625,0.29453125,0.0,1.0,2026-04-04T13:40:54,0.0,0,0,0.0,0.0,0,0,0.0,,,100,100,0,self_bootstrap,0,,0,,624.699375,629.011875
221,0.26,0.34625,0.26,0.34625,0.0,0.0,0.23875,0.319921875,0.0,1.0,2026-04-04T13:48:14,-0.0625,1,16,0.2421,0.9375,1,16,0.2421,,,99,100,1,self_bootstrap,0,,0,,602.1675,615.649375
222,0.26,0.3375,0.26,0.3375,0.0,0.0,0.25625,0.33984375,0.0,1.0,2026-04-04T13:56:23,0.0,0,0,0.0,0.0,0,0,0.0,,,100,100,0,self_bootstrap,0,,0,,620.65,639.500625
223,0.21,0.30164765525982257,0.21,0.30164765525982257,0.0,0.0,0.241875,0.3399873257287706,0.0,1.0,2026-04-04T14:03:31,0.0,0,0,0.0,0.0,0,0,0.0,,,100,100,0,self_bootstrap,0,,0,,613.794375,618.721875
224,0.18,0.31453634085213034,0.17,0.30451127819548873,0.0015625,0.00018825301204819278,0.2075,0.31226503759398494,0.0,0.0,2026-04-04T14:11:04,-0.0625,1,16,0.2421,0.9375,1,16,0.2421,-1.0,1.0,99,100,1,self_bootstrap,0,,0,,640.354375,626.191875
225,0.29,0.36875,0.29,0.36875,0.0,0.0,0.2475,0.33953125,0.0,1.0,2026-04-04T14:42:41,0.0,0,0,0.0,0.0,0,0,0.0,,,100,100,0,self_bootstrap,0,,0,,606.620625,646.3475
226,0.18,0.28,0.18,0.28,0.0,0.0,0.255625,0.34171875,0.0,1.0,2026-04-04T14:49:57,0.0,0,0,0.0,0.0,0,0,0.0,,,100,100,0,self_bootstrap,0,,0,,663.628125,624.220625
227,0.19,0.26375,0.19,0.26375,0.001736111111111111,0.0010850694444444445,0.18,0.274296875,0.0,0.2727272727272727,2026-04-04T14:57:23,-0.0623,2,32,0.2414,0.6875,2,32,0.4635,-0.4243,2.0,98,100,2,self_bootstrap,0,,0,,659.5475,638.33625
228,0.21,0.2938209331651955,0.21,0.2938209331651955,0.0,0.0,0.245,0.3073770491803279,0.0,1.0,2026-04-04T15:05:32,0.0,0,0,0.0,0.0,0,0,0.0,,,100,100,0,self_bootstrap,0,,0,,654.936875,638.4425
229,0.26,0.3525,0.26,0.3525,0.0,0.0,0.215,0.298359375,0.0,1.0,2026-04-04T15:12:46,0.0,0,0,0.0,0.0,0,0,0.0,,,100,100,0,self_bootstrap,0,,0,,626.423125,626.9825
230,0.25,0.3099121706398996,0.25,0.3099121706398996,0.0,0.0,0.214375,0.2741530740276035,0.0,1.0,2026-04-04T15:20:15,0.0,0,0,0.0,0.0,0,0,0.0,,,100,100,0,self_bootstrap,0,,0,,636.211875,657.115
231,0.21,0.3022670025188917,0.21,0.3022670025188917,0.0,0.0,0.219375,0.3106108312342569,0.0,1.0,2026-04-04T15:27:59,0.0,0,0,0.0,0.0,0,0,0.0,,,100,100,0,self_bootstrap,0,,0,,716.896875,646.55125
232,0.2,0.30720606826801516,0.2,0.30720606826801516,0.0,0.0,0.20375,0.31542351453855877,0.0,1.0,2026-04-04T15:35:24,0.0,0,0,0.0,0.0,0,0,0.0,,,100,100,0,self_bootstrap,0,,0,,605.15125,641.201875
233,0.24,0.31375,0.24,0.31375,0.0,0.0,0.244375,0.313359375,0.0,1.0,2026-04-04T15:42:57,-0.0625,1,16,0.2421,0.9375,1,16,0.2421,,,99,100,1,self_bootstrap,0,,0,,593.55375,651.515625
234,0.31,0.37625,0.31,0.37625,0.0,0.0,0.309375,0.37421875,0.0,1.0,2026-04-04T15:50:38,0.0,0,0,0.0,0.0,0,0,0.0,,,100,100,0,self_bootstrap,0,,0,,645.7925,613.920625
235,0.2,0.285,0.2,0.285,0.0,0.0,0.229375,0.2990625,0.0,1.0,2026-04-04T15:57:55,0.0,0,0,0.0,0.0,0,0,0.0,,,100,100,0,self_bootstrap,0,,0,,637.63125,659.34625
236,0.24,0.2975,0.24,0.2975,0.0,0.0,0.241875,0.30828125,0.0,1.0,2026-04-04T16:05:11,0.0,0,0,0.0,0.0,0,0,0.0,,,100,100,0,self_bootstrap,0,,0,,658.44,629.27125
237,0.19,0.24875,0.19,0.24875,0.0,0.0,0.17875,0.251640625,0.0,1.0,2026-04-04T16:13:13,0.0,0,0,0.0,0.0,0,0,0.0,,,100,100,0,self_bootstrap,0,,0,,701.111875,650.330625
238,0.17,0.24185463659147868,0.17,0.24185463659147868,0.0,0.0,0.22875,0.3018483709273183,0.0,1.0,2026-04-04T16:20:49,0.0,0,0,0.0,0.0,0,0,0.0,,,100,100,0,self_bootstrap,0,,0,,641.834375,653.505
239,0.14,0.24875,0.14,0.24875,0.0,0.0,0.153125,0.23296875,0.0,1.0,2026-04-04T16:28:18,0.0,0,0,0.0,0.0,0,0,0.0,,,100,100,0,self_bootstrap,0,,0,,667.43375,644.48875
240,0.15,0.23625,0.15,0.23625,0.0,0.0,0.20125,0.290546875,0.0,1.0,2026-04-04T16:35:54,0.0,0,0,0.0,0.0,0,0,0.0,,,100,100,0,self_bootstrap,0,,0,,663.335,627.39
241,0.2,0.2875,0.2,0.2875,0.0,0.0,0.2225,0.329453125,0.0,1.0,2026-04-04T16:43:22,0.0,0,0,0.0,0.0,0,0,0.0,,,100,100,0,self_bootstrap,0,,0,,682.658125,643.998125
242,0.29,0.37,0.29,0.37,0.0,0.0,0.25875,0.35015625,0.0,1.0,2026-04-04T16:50:24,0.0,0,0,0.0,0.0,0,0,0.0,,,100,100,0,self_bootstrap,0,,0,,606.268125,623.420625
243,0.25,0.35875,0.25,0.35875,0.0,0.0,0.2625,0.358359375,0.0,1.0,2026-04-04T16:57:56,0.0,0,0,0.0,0.0,0,0,0.0,,,100,100,0,self_bootstrap,0,,0,,616.735625,627.83625
244,0.26,0.34,0.26,0.34,0.0,0.0,0.241875,0.33375,0.0,1.0,2026-04-04T17:05:27,0.0,0,0,0.0,0.0,0,0,0.0,,,100,100,0,self_bootstrap,0,,0,,651.788125,651.235
245,0.22,0.3275,0.22,0.3275,0.0,0.0,0.246875,0.34234375,0.0,1.0,2026-04-04T17:13:14,0.0,0,0,0.0,0.0,0,0,0.0,,,100,100,0,self_bootstrap,0,,0,,666.14125,648.741875
246,0.26,0.34,0.26,0.34,0.0,0.0,0.261875,0.346015625,0.0,1.0,2026-04-04T17:20:41,0.0,0,0,0.0,0.0,0,0,0.0,,,100,100,0,self_bootstrap,0,,0,,609.09375,632.295625
247,0.23,0.35,0.23,0.35,0.0,0.0,0.2375,0.328359375,0.0,1.0,2026-04-04T17:28:00,0.0,0,0,0.0,0.0,0,0,0.0,,,100,100,0,self_bootstrap,0,,0,,615.87625,658.269375
248,0.17,0.255,0.17,0.255,0.0,0.0,0.20875,0.28765625,0.0,1.0,2026-04-04T17:35:23,0.0,0,0,0.0,0.0,0,0,0.0,,,100,100,0,self_bootstrap,0,,0,,663.736875,649.145625
249,0.33,0.40375,0.33,0.40375,0.0,0.0,0.293125,0.364921875,0.0,1.0,2026-04-04T17:42:48,0.0,0,0,0.0,0.0,0,0,0.0,,,100,100,0,self_bootstrap,0,,0,,672.484375,619.105625
250,0.22,0.3175,0.22,0.3175,0.0,0.0,0.223125,0.30625,0.0,1.0,2026-04-04T18:13:13,0.0,0,0,0.0,0.0,0,0,0.0,,,100,100,0,self_bootstrap,0,,0,,572.91375,625.546875
251,0.31,0.38,0.31,0.38,0.0,0.0,0.275,0.357734375,0.0,1.0,2026-04-04T18:20:28,0.0,0,0,0.0,0.0,0,0,0.0,,,100,100,0,self_bootstrap,0,,0,,601.211875,618.548125
252,0.26,0.33,0.26,0.33,0.0,0.0,0.255,0.324765625,0.0,1.0,2026-04-04T18:27:52,0.0,0,0,0.0,0.0,0,0,0.0,,,100,100,0,self_bootstrap,0,,0,,619.05875,638.89125
253,0.2,0.2607052896725441,0.2,0.2607052896725441,0.0,0.0,0.2275,0.28148614609571787,0.0,1.0,2026-04-04T18:35:26,0.0,0,0,0.0,0.0,0,0,0.0,,,100,100,0,self_bootstrap,0,,0,,637.80125,653.3725
254,0.27,0.37875,0.27,0.37875,0.0,0.0,0.245,0.343984375,0.0,1.0,2026-04-04T18:43:00,0.0,0,0,0.0,0.0,0,0,0.0,,,100,100,0,self_bootstrap,0,,0,,701.685625,623.48
255,0.26,0.3475,0.26,0.3475,0.0,0.0,0.264375,0.360234375,0.0,1.0,2026-04-04T18:50:49,0.0,0,0,0.0,0.0,0,0,0.0,,,100,100,0,self_bootstrap,0,,0,,613.975,641.769375
256,0.24,0.34125,0.23,0.33125,0.0,0.00017458100558659218,0.22375,0.31671875,0.0,1.0,2026-04-04T18:58:40,-0.0532,1,16,0.2059,0.9375,1,16,0.2421,-0.1232,1.0,99,100,1,self_bootstrap,0,,0,,669.67875,656.671875
257,0.26,0.35813366960907944,0.26,0.35813366960907944,0.0,0.0,0.259375,0.3610498108448928,0.0,1.0,2026-04-04T19:06:25,0.0,0,0,0.0,0.0,0,0,0.0,,,100,100,0,self_bootstrap,0,,0,,614.755,645.27375
258,0.16,0.271356783919598,0.16,0.271356783919598,0.0,0.0,0.170625,0.26703831658291455,0.0,1.0,2026-04-04T19:14:00,0.0,0,0,0.0,0.0,0,0,0.0,,,100,100,0,self_bootstrap,0,,0,,626.893125,655.49375
259,0.17,0.26375,0.17,0.26375,0.0,0.0,0.18875,0.279921875,0.0,1.0,2026-04-04T19:21:37,0.0,0,0,0.0,0.0,0,0,0.0,,,100,100,0,self_bootstrap,0,,0,,701.199375,653.8625
260,0.24,0.2742138364779874,0.24,0.2742138364779874,0.0,0.0,0.22,0.29111635220125787,0.0,1.0,2026-04-04T19:28:42,0.0,0,0,0.0,0.0,0,0,0.0,,,100,100,0,self_bootstrap,0,,0,,598.24875,636.095
261,0.21,0.29875,0.21,0.29875,0.0,0.0,0.236875,0.30921875,0.0,1.0,2026-04-04T19:36:01,0.0,0,0,0.0,0.0,0,0,0.0,,,100,100,0,self_bootstrap,0,,0,,652.320625,640.854375
262,0.22,0.28375,0.22,0.28375,0.0,0.0,0.194375,0.270625,0.0,1.0,2026-04-04T19:43:39,0.0,0,0,0.0,0.0,0,0,0.0,,,100,100,0,self_bootstrap,0,,0,,688.585625,661.010625
263,0.24,0.34125,0.24,0.34125,0.0,0.0,0.239375,0.33890625,0.0,1.0,2026-04-04T19:50:58,0.0,0,0,0.0,0.0,0,0,0.0,,,100,100,0,self_bootstrap,0,,0,,667.94,647.925
264,0.24,0.295,0.24,0.295,0.0,0.0,0.206875,0.279609375,0.0,1.0,2026-04-04T19:58:17,0.0,0,0,0.0,0.0,0,0,0.0,,,100,100,0,self_bootstrap,0,,0,,647.61375,647.584375
265,0.21,0.2943396226415094,0.21,0.2943396226415094,0.0,0.0,0.2475,0.3307389937106918,0.0,1.0,2026-04-04T20:05:42,0.0,0,0,0.0,0.0,0,0,0.0,,,100,100,0,self_bootstrap,0,,0,,616.9475,619.72875
266,0.28,0.3583959899749373,0.28,0.3583959899749373,0.0,0.0,0.26375,0.3388941102756892,0.0,1.0,2026-04-04T20:13:02,0.0,0,0,0.0,0.0,0,0,0.0,,,100,100,0,self_bootstrap,0,,0,,630.7025,645.4325
267,0.22,0.30625,0.22,0.30625,0.0,0.0,0.22375,0.306015625,0.0,1.0,2026-04-04T20:20:39,0.0,0,0,0.0,0.0,0,0,0.0,,,100,100,0,self_bootstrap,0,,0,,693.62125,663.003125
268,0.22,0.27,0.22,0.27,0.0,0.0,0.228125,0.30609375,0.0,1.0,2026-04-04T20:28:11,0.0,0,0,0.0,0.0,0,0,0.0,,,100,100,0,self_bootstrap,0,,0,,627.2325,662.694375
269,0.23,0.2875,0.23,0.2875,0.0,0.0,0.228125,0.290390625,0.0,1.0,2026-04-04T20:34:54,0.0,0,0,0.0,0.0,0,0,0.0,,,100,100,0,self_bootstrap,0,,0,,652.0625,652.83375
270,0.24,0.305,0.24,0.305,0.0,0.0,0.20375,0.278671875,0.0,1.0,2026-04-04T20:42:38,0.0625,1,16,0.2421,0.875,1,16,0.3307,,,99,100,1,self_bootstrap,0,,0,,648.7225,659.29
271,0.16,0.2594458438287154,0.16,0.2594458438287154,0.0,0.0,0.171875,0.28967254408060455,0.0,1.0,2026-04-04T20:50:37,0.0,0,0,0.0,0.0,0,0,0.0,,,100,100,0,self_bootstrap,0,,0,,678.645,671.875
272,0.2,0.27329974811083124,0.2,0.27329974811083124,0.0,0.0,0.190625,0.27141057934508817,0.0,1.0,2026-04-04T20:58:27,0.0,0,0,0.0,0.0,0,0,0.0,,,100,100,0,self_bootstrap,0,,0,,709.585,654.954375
273,0.21,0.31875,0.21,0.31875,0.0,0.0,0.251875,0.344296875,0.0,1.0,2026-04-04T21:05:58,0.0,0,0,0.0,0.0,0,0,0.0,,,100,100,0,self_bootstrap,0,,0,,697.33625,647.004375
274,0.24,0.30625,0.24,0.30625,0.0,0.0,0.235,0.291484375,0.0,1.0,2026-04-04T21:13:12,0.0,0,0,0.0,0.0,0,0,0.0,,,100,100,0,self_bootstrap,0,,0,,644.376875,638.46625
275,0.24,0.3575,0.24,0.3575,0.0,0.0,0.295625,0.3871875,0.0,1.0,2026-04-04T21:43:36,0.0,0,0,0.0,0.0,0,0,0.0,,,100,100,0,self_bootstrap,0,,0,,629.025625,637.65625
276,0.21,0.2907268170426065,0.21,0.2907268170426065,0.0,0.0,0.196875,0.28140664160401,0.0,1.0,2026-04-04T21:51:06,0.0,0,0,0.0,0.0,0,0,0.0,,,100,100,0,self_bootstrap,0,,0,,638.538125,664.590625
277,0.15,0.19625,0.15,0.19625,0.0,0.0,0.185625,0.267421875,0.0,1.0,2026-04-04T21:59:03,0.0,0,0,0.0,0.0,0,0,0.0,,,100,100,0,self_bootstrap,0,,0,,646.64,672.195625
278,0.19,0.2871536523929471,0.19,0.2871536523929471,0.0,0.0,0.21625,0.3169867758186398,0.0,1.0,2026-04-04T22:06:28,0.0,0,0,0.0,0.0,0,0,0.0,,,100,100,0,self_bootstrap,0,,0,,628.513125,645.754375
279,0.25,0.335,0.25,0.335,0.0,0.0,0.224375,0.32875,0.0,1.0,2026-04-04T22:13:47,0.0,0,0,0.0,0.0,0,0,0.0,,,100,100,0,self_bootstrap,0,,0,,620.724375,637.85125
280,0.26,0.34125,0.26,0.34125,0.0,0.0,0.228125,0.3121875,0.0,1.0,2026-04-04T22:21:13,0.0,0,0,0.0,0.0,0,0,0.0,,,100,100,0,self_bootstrap,0,,0,,641.056875,644.605
281,0.23,0.32875,0.23,0.32875,0.0,0.0,0.220625,0.306015625,0.0,1.0,2026-04-04T22:28:33,0.0,0,0,0.0,0.0,0,0,0.0,,,100,100,0,self_bootstrap,0,,0,,684.129375,641.728125
282,0.17,0.29345088161209065,0.17,0.29345088161209065,0.0,0.0,0.18125,0.27581863979848864,0.0,1.0,2026-04-04T22:36:25,0.0625,1,16,0.2421,0.875,1,16,0.3307,,,99,100,1,self_bootstrap,0,,0,,653.3375,677.58625
283,0.24,0.31625,0.24,0.31625,0.0,0.0,0.25,0.343203125,0.0,1.0,2026-04-04T22:44:04,0.0,0,0,0.0,0.0,0,0,0.0,,,100,100,0,self_bootstrap,0,,0,,595.3325,630.986875
284,0.13,0.22125,0.13,0.22125,0.0,0.0,0.163125,0.266484375,0.0,1.0,2026-04-04T22:51:55,0.0,0,0,0.0,0.0,0,0,0.0,,,100,100,0,self_bootstrap,0,,0,,688.1225,654.95625
285,0.2,0.27625,0.2,0.27625,0.0,0.0,0.20375,0.292578125,0.0,1.0,2026-04-04T22:59:46,0.0,0,0,0.0,0.0,0,0,0.0,,,100,100,0,self_bootstrap,0,,0,,641.06125,662.10375
286,0.21,0.28875,0.21,0.28875,0.0,0.0,0.18375,0.282734375,0.0,1.0,2026-04-04T23:07:25,0.0,0,0,0.0,0.0,0,0,0.0,,,100,100,0,self_bootstrap,0,,0,,681.055,654.775
287,0.26,0.33625,0.26,0.33625,0.0,0.0,0.238125,0.329765625,0.0,1.0,2026-04-04T23:14:42,0.0,0,0,0.0,0.0,0,0,0.0,,,100,100,0,self_bootstrap,0,,0,,652.735,644.0225
288,0.18,0.27125,0.18,0.27125,0.0,0.0,0.221875,0.300078125,0.0,1.0,2026-04-04T23:22:03,0.0,0,0,0.0,0.0,0,0,0.0,,,100,100,0,self_bootstrap,0,,0,,619.704375,644.27125
289,0.26,0.32625,0.26,0.32625,0.0,0.0,0.239375,0.31609375,0.0,1.0,2026-04-04T23:29:13,-0.0625,1,16,0.2421,0.9375,1,16,0.2421,,,99,100,1,self_bootstrap,0,,0,,690.866875,639.13875
290,0.25,0.35516372795969775,0.25,0.35516372795969775,0.0,0.0,0.265625,0.3672071788413098,0.0,1.0,2026-04-04T23:37:11,-0.125,1,16,0.3307,0.9375,1,16,0.2421,,,99,100,1,self_bootstrap,0,,0,,618.15625,632.94375
291,0.25,0.3316519546027743,0.25,0.3316519546027743,0.0,0.0,0.25375,0.3432377049180328,0.0,1.0,2026-04-04T23:45:20,0.0,0,0,0.0,0.0,0,0,0.0,,,100,100,0,self_bootstrap,0,,0,,692.691875,620.64875
292,0.19,0.255,0.19,0.255,0.0,0.0,0.20375,0.3046875,0.0,1.0,2026-04-04T23:52:34,0.0,0,0,0.0,0.0,0,0,0.0,,,100,100,0,self_bootstrap,0,,0,,697.625,661.168125
293,0.22,0.295,0.22,0.295,0.0,0.0,0.189375,0.260078125,0.0,1.0,2026-04-05T00:00:11,-0.125,1,16,0.3307,0.9375,1,16,0.2421,,,99,100,1,self_bootstrap,0,,0,,681.244375,651.121875
294,0.26,0.3425692695214106,0.26,0.3425692695214106,0.0,0.0,0.294375,0.3756297229219144,0.0,1.0,2026-04-05T00:07:59,0.1875,1,16,0.3903,0.9375,1,16,0.2421,0.0667,1.0,99,100,1,self_bootstrap,0,,0,,636.544375,628.12
295,0.22,0.37218045112781956,0.22,0.37218045112781956,0.0,0.0,0.246875,0.3506422305764411,0.0,1.0,2026-04-05T00:15:53,0.0,0,0,0.0,0.0,0,0,0.0,,,100,100,0,self_bootstrap,0,,0,,636.4825,641.409375
296,0.22,0.29591836734693877,0.22,0.29591836734693877,0.0,0.0,0.195,0.2866709183673469,0.0,1.0,2026-04-05T00:22:43,0.0,0,0,0.0,0.0,0,0,0.0,,,100,100,0,self_bootstrap,0,,0,,615.760625,618.144375
297,0.28,0.35625,0.28,0.35625,0.0,0.0,0.27625,0.351796875,0.0,1.0,2026-04-05T00:29:54,0.0,0,0,0.0,0.0,0,0,0.0,,,100,100,0,self_bootstrap,0,,0,,613.584375,639.53
298,0.27,0.35,0.27,0.35,0.0,0.0,0.21625,0.315625,0.0,1.0,2026-04-05T00:37:38,0.0,0,0,0.0,0.0,0,0,0.0,,,100,100,0,self_bootstrap,0,,0,,704.566875,661.970625
299,0.23,0.30375,0.23,0.30375,0.0,0.0,0.2025,0.28265625,0.0,1.0,2026-04-05T00:44:59,0.0,0,0,0.0,0.0,0,0,0.0,,,100,100,0,self_bootstrap,0,,0,,629.466875,658.894375
300,0.18,0.2531328320802005,0.18,0.2531328320802005,0.0,0.0,0.16375,0.24013157894736842,0.0,1.0,2026-04-05T01:15:59,0.0,0,0,0.0,0.0,0,0,0.0,,,100,100,0,self_bootstrap,0,,0,,673.98625,650.026875
301,0.19,0.3,0.19,0.3,0.0,0.0,0.1925,0.279375,0.0,1.0,2026-04-05T01:23:50,0.0,0,0,0.0,0.0,0,0,0.0,,,100,100,0,self_bootstrap,0,,0,,726.32375,663.2875
302,0.25,0.3249370277078086,0.25,0.3249370277078086,0.0,0.0,0.2475,0.3278494962216625,0.0,1.0,2026-04-05T01:31:04,0.0,0,0,0.0,0.0,0,0,0.0,,,100,100,0,self_bootstrap,0,,0,,633.760625,641.15125
303,0.21,0.3047858942065491,0.21,0.3047858942065491,0.0,0.0,0.195625,0.28912153652392947,0.0,1.0,2026-04-05T01:38:33,0.0,0,0,0.0,0.0,0,0,0.0,,,100,100,0,self_bootstrap,0,,0,,666.051875,647.74375
304,0.16,0.2691823899371069,0.16,0.2691823899371069,0.0,0.0,0.16375,0.2796383647798742,0.0,1.0,2026-04-05T01:46:05,0.0,0,0,0.0,0.0,0,0,0.0,,,100,100,0,self_bootstrap,0,,0,,689.970625,660.690625
305,0.26,0.3375,0.26,0.3375,0.0,0.0,0.228125,0.335078125,0.0,1.0,2026-04-05T01:53:37,0.0,0,0,0.0,0.0,0,0,0.0,,,100,100,0,self_bootstrap,0,,0,,658.11125,644.431875
306,0.18,0.21875,0.18,0.21875,0.0,0.0,0.201875,0.267890625,0.0,1.0,2026-04-05T02:01:01,0.0,0,0,0.0,0.0,0,0,0.0,,,100,100,0,self_bootstrap,0,,0,,671.804375,655.140625
307,0.29,0.37766624843161856,0.29,0.37766624843161856,0.0013020833333333333,0.00234375,0.25,0.33398682559598497,0.0,0.0,2026-04-05T02:08:31,0.0625,1,16,0.2421,0.9375,1,16,0.2421,1.0,1.0,99,100,1,self_bootstrap,0,,0,,674.07375,638.97875
308,0.32,0.37279596977329976,0.32,0.37279596977329976,0.0,0.0,0.285,0.3657115869017632,0.0,1.0,2026-04-05T02:16:13,0.0,0,0,0.0,0.0,0,0,0.0,,,100,100,0,self_bootstrap,0,,0,,634.8425,646.619375
309,0.21,0.2925,0.21,0.2925,0.0,0.0,0.190625,0.273515625,0.0,1.0,2026-04-05T02:23:50,0.0,0,0,0.0,0.0,0,0,0.0,,,100,100,0,self_bootstrap,0,,0,,663.5725,646.168125
310,0.25,0.33375,0.25,0.33375,0.0,0.0,0.241875,0.3240625,0.0,1.0,2026-04-05T02:31:21,0.0,0,0,0.0,0.0,0,0,0.0,,,100,100,0,self_bootstrap,0,,0,,640.67125,639.439375
311,0.3,0.3775,0.3,0.3775,0.0,0.0,0.275625,0.3475,0.0,1.0,2026-04-05T02:38:38,0.0,0,0,0.0,0.0,0,0,0.0,,,100,100,0,self_bootstrap,0,,0,,641.823125,626.568125
312,0.19,0.2625,0.19,0.2625,0.0,0.0,0.185625,0.255625,0.0,1.0,2026-04-05T02:46:23,0.0,0,0,0.0,0.0,0,0,0.0,,,100,100,0,self_bootstrap,0,,0,,692.704375,645.374375
313,0.16,0.2408575031525851,0.16,0.2408575031525851,0.0,0.0,0.205,0.28247162673392184,0.0,1.0,2026-04-05T02:53:42,0.0,0,0,0.0,0.0,0,0,0.0,,,100,100,0,self_bootstrap,0,,0,,632.76,660.023125
314,0.23,0.3022670025188917,0.23,0.3022670025188917,0.0,0.0,0.2825,0.3796442065491184,0.0,1.0,2026-04-05T03:00:55,0.0,0,0,0.0,0.0,0,0,0.0,,,100,100,0,self_bootstrap,0,,0,,601.6325,630.80375
315,0.21,0.2751256281407035,0.21,0.2751256281407035,0.002840909090909091,0.0017076502732240437,0.22875,0.29412688442211055,0.0,0.4545454545454546,2026-04-05T03:08:04,0.1201,1,16,0.3178,0.625,1,16,0.4841,0.5222,1.0,99,100,1,self_bootstrap,0,,0,,649.32375,633.845
316,0.26,0.34461152882205515,0.26,0.34461152882205515,0.0,0.0,0.220625,0.30474624060150374,0.0,1.0,2026-04-05T03:16:14,0.0,0,0,0.0,0.0,0,0,0.0,,,100,100,0,self_bootstrap,0,,0,,697.95875,637.321875
317,0.23,0.28125,0.23,0.28125,0.0,0.0,0.22125,0.295078125,0.0,1.0,2026-04-05T03:23:22,0.0,0,0,0.0,0.0,0,0,0.0,,,100,100,0,self_bootstrap,0,,0,,615.7075,635.066875
318,0.19,0.3125,0.19,0.3125,0.0,0.0,0.206875,0.303203125,0.0,1.0,2026-04-05T03:30:50,0.0,0,0,0.0,0.0,0,0,0.0,,,100,100,0,self_bootstrap,0,,0,,703.98,690.10125
319,0.19,0.23125,0.19,0.23125,0.0,0.0,0.189375,0.283125,0.0,1.0,2026-04-05T03:38:05,0.0,0,0,0.0,0.0,0,0,0.0,,,100,100,0,self_bootstrap,0,,0,,618.941875,662.28
320,0.24,0.30701754385964913,0.24,0.30701754385964913,0.0,0.0,0.248125,0.31727756892230574,0.0,1.0,2026-04-05T03:45:28,0.0,0,0,0.0,0.0,0,0,0.0,,,100,100,0,self_bootstrap,0,,0,,662.73875,638.656875
321,0.25,0.32375,0.25,0.32375,0.0,0.0,0.23375,0.32625,0.0,1.0,2026-04-05T03:52:43,0.0,0,0,0.0,0.0,0,0,0.0,,,100,100,0,self_bootstrap,0,,0,,641.155625,623.885
322,0.26,0.36375,0.26,0.36375,0.0,0.0,0.2275,0.313515625,0.0,1.0,2026-04-05T03:59:58,0.0,0,0,0.0,0.0,0,0,0.0,,,100,100,0,self_bootstrap,0,,0,,643.581875,639.10875
323,0.18,0.2425,0.18,0.2425,0.0,0.0,0.22125,0.3009375,0.0,1.0,2026-04-05T04:07:45,0.0,0,0,0.0,0.0,0,0,0.0,,,100,100,0,self_bootstrap,0,,0,,663.936875,667.841875
324,0.15,0.2244640605296343,0.15,0.2244640605296343,0.0,0.0,0.169375,0.23707440100882723,0.0,1.0,2026-04-05T04:15:35,0.0,0,0,0.0,0.0,0,0,0.0,,,100,100,0,self_bootstrap,0,,0,,692.12875,681.51375
325,0.21,0.29396984924623115,0.21,0.29396984924623115,0.0,0.0,0.20125,0.28219221105527637,0.0,1.0,2026-04-05T04:46:00,0.0,0,0,0.0,0.0,0,0,0.0,,,100,100,0,self_bootstrap,0,,0,,644.6575,651.6625
326,0.21,0.3025,0.21,0.3025,0.0,0.0,0.19875,0.296171875,0.0,1.0,2026-04-05T04:53:46,0.0,0,0,0.0,0.0,0,0,0.0,,,100,100,0,self_bootstrap,0,,0,,681.350625,657.41125
327,0.26,0.34375,0.26,0.34375,0.0,0.0,0.238125,0.33171875,0.0,1.0,2026-04-05T05:01:01,0.0,0,0,0.0,0.0,0,0,0.0,,,100,100,0,self_bootstrap,0,,0,,668.55375,625.346875
328,0.17,0.2525,0.17,0.2525,0.0,0.0,0.14,0.226171875,0.0,1.0,2026-04-05T05:08:51,0.0,0,0,0.0,0.0,0,0,0.0,,,100,100,0,self_bootstrap,0,,0,,694.783125,694.834375
329,0.15,0.23625,0.15,0.23625,0.004310344827586207,0.0016304347826086956,0.14375,0.235,0.0,0.5384615384615384,2026-04-05T05:16:46,-0.0961,2,32,0.4526,0.7812,2,32,0.4134,0.3721,1.0,98,100,2,self_bootstrap,0,,0,,751.426875,693.11875
330,0.27,0.34125,0.27,0.3425,0.0,0.0,0.258125,0.326640625,0.0,1.0,2026-04-05T05:24:52,-0.0598,1,16,0.2318,0.9375,1,16,0.2421,0.1462,1.0,99,100,1,self_bootstrap,0,,0,,642.206875,649.4975
331,0.16,0.24125,0.16,0.24125,0.0,0.0,0.164375,0.255234375,0.0,1.0,2026-04-05T05:32:48,0.0,0,0,0.0,0.0,0,0,0.0,,,100,100,0,self_bootstrap,0,,0,,643.489375,679.903125
332,0.2,0.27125,0.2,0.27125,0.0,0.0,0.20125,0.27765625,0.0,1.0,2026-04-05T05:40:17,0.0,0,0,0.0,0.0,0,0,0.0,,,100,100,0,self_bootstrap,0,,0,,615.521875,644.62
333,0.32,0.3977272727272727,0.32,0.3977272727272727,0.0,0.0,0.28625,0.3597695707070707,0.0,1.0,2026-04-05T05:47:41,0.0,0,0,0.0,0.0,0,0,0.0,,,100,100,0,self_bootstrap,0,,0,,601.275,639.920625
334,0.22,0.31375,0.22,0.31375,0.0,0.0,0.23625,0.316015625,0.0,1.0,2026-04-05T05:54:43,0.0,0,0,0.0,0.0,0,0,0.0,,,100,100,0,self_bootstrap,0,,0,,599.873125,649.895625
335,0.26,0.3290978398983482,0.26,0.3290978398983482,0.0,0.0,0.27125,0.3343392630241423,0.0,1.0,2026-04-05T06:02:24,0.0,0,0,0.0,0.0,0,0,0.0,,,100,100,0,self_bootstrap,0,,0,,732.284375,642.719375
336,0.22,0.30730478589420657,0.22,0.30730478589420657,0.0,0.0,0.21875,0.31501889168765745,0.0,1.0,2026-04-05T06:09:49,0.0,0,0,0.0,0.0,0,0,0.0,,,100,100,0,self_bootstrap,0,,0,,659.42375,662.79375
337,0.24,0.32125,0.24,0.32125,0.0,0.0,0.2775,0.348828125,0.0,1.0,2026-04-05T06:17:20,0.0,0,0,0.0,0.0,0,0,0.0,,,100,100,0,self_bootstrap,0,,0,,690.57125,656.0275
338,0.18,0.27875,0.18,0.27875,0.0,0.0,0.22,0.292734375,0.0,1.0,2026-04-05T06:24:49,0.0,0,0,0.0,0.0,0,0,0.0,,,100,100,0,self_bootstrap,0,,0,,629.638125,628.17375
339,0.22,0.3391959798994975,0.22,0.3391959798994975,0.0,0.0,0.231875,0.32930276381909546,0.0,1.0,2026-04-05T06:32:03,0.0,0,0,0.0,0.0,0,0,0.0,,,100,100,0,self_bootstrap,0,,0,,658.92125,645.625625
340,0.2,0.25875,0.2,0.25875,0.0,0.0,0.235,0.29671875,0.0,1.0,2026-04-05T06:39:39,-0.0625,1,16,0.2421,0.875,1,16,0.3307,,,99,100,1,self_bootstrap,0,,0,,709.296875,631.1575
341,0.17,0.27,0.17,0.27,0.0,0.0,0.21875,0.313359375,0.0,1.0,2026-04-05T06:47:56,0.0,0,0,0.0,0.0,0,0,0.0,,,100,100,0,self_bootstrap,0,,0,,699.223125,685.1575
342,0.27,0.34625,0.27,0.34625,0.0,0.0,0.233125,0.307109375,0.0,1.0,2026-04-05T06:55:26,0.0,0,0,0.0,0.0,0,0,0.0,,,100,100,0,self_bootstrap,0,,0,,657.791875,656.905
343,0.24,0.3383458646616541,0.24,0.3383458646616541,0.0,0.0,0.225625,0.31257832080200504,0.0,1.0,2026-04-05T07:03:15,0.0,0,0,0.0,0.0,0,0,0.0,,,100,100,0,self_bootstrap,0,,0,,682.678125,641.048125
344,0.19,0.29345088161209065,0.19,0.29345088161209065,0.0,0.0,0.208125,0.3022670025188917,0.0,1.0,2026-04-05T07:10:43,0.0,0,0,0.0,0.0,0,0,0.0,,,100,100,0,self_bootstrap,0,,0,,697.136875,654.616875
345,0.2,0.28625,0.2,0.28625,0.0,0.0,0.206875,0.2796875,0.0,1.0,2026-04-05T07:18:17,0.0,0,0,0.0,0.0,0,0,0.0,,,100,100,0,self_bootstrap,0,,0,,657.619375,667.72875
346,0.21,0.31875,0.21,0.31875,0.0,0.0,0.21375,0.284453125,0.0,1.0,2026-04-05T07:25:44,-0.0625,1,16,0.2421,0.9375,1,16,0.2421,,,99,100,1,self_bootstrap,0,,0,,642.028125,643.581875
347,0.26,0.35443037974683544,0.26,0.35443037974683544,0.0,0.0,0.23875,0.31424050632911393,0.0,1.0,2026-04-05T07:33:48,0.0,0,0,0.0,0.0,0,0,0.0,,,100,100,0,self_bootstrap,0,,0,,690.999375,660.4475
348,0.21,0.28375,0.2,0.27375,0.001388888888888889,0.0003551136363636364,0.22,0.286796875,0.0,0.0,2026-04-05T07:41:06,-0.0625,1,16,0.2421,0.875,1,16,0.3307,-1.0,1.0,99,100,1,self_bootstrap,0,,0,,672.180625,640.75375
349,0.23,0.34125,0.23,0.34125,0.0,0.0,0.21875,0.30296875,0.0,1.0,2026-04-05T07:48:53,0.0,0,0,0.0,0.0,0,0,0.0,,,100,100,0,self_bootstrap,0,,0,,658.755,641.8375
